TIMESTAMP,TA_F,VPD_F,PA_F,WS_F,NETRAD,TS_F_MDS_1
20030101,8.208,1.036,98.585,1.79,9.9559375,11.268
20030102,9.874,1.546,98.647,1.74,23.71180208,11.509
20030103,9.074,3.424,98.825,3.22,102.2440417,11.47
20030104,8.559,3.85,98.773,2.011,45.56908333,10.874
20030105,9.362,4.384,98.946,2.79,68.7008125,11.166
20030106,4.832,1.239,98.635,2.641,10.7916875,10.165
20030107,5.079,1.88,98.669,2.831,44.05072917,9.293
20030108,5.15,1.752,98.656,1.97,60.34197917,9.016
20030109,9.583,3.305,98.452,1.117,61.360375,9.99
20030110,10.584,5.801,98.433,2.375,69.66427083,10.648
20030111,11.217,7.718,98.577,2.146,55.38729167,10.63
20030112,12.492,8.951,98.494,1.852,57.93479167,10.952
20030113,14.356,10.621,98.296,0.896,60.52916667,11.549
20030114,15.938,11.824,98.398,1.037,58.185,12.278
20030115,15.394,10.41,98.592,1.25,60.09479167,12.683
20030116,15.147,7.428,98.544,0.926,50.45708333,13.047
20030117,16.488,7.589,98.488,0.793,33.33708333,13.637
20030118,18.328,9.714,98.529,0.931,44.478125,14.358
20030119,18.408,9.554,98.275,1.348,46.40541667,14.981
20030120,16.97,8.586,98.121,1.055,42.03375,14.864
20030121,15.913,5.467,97.9,1.025,19.54729167,14.828
20030122,16.937,5.844,97.669,1.436,63.18925,15.004
20030123,14.113,6.488,97.856,2.271,75.05833333,14.973
20030124,13.679,3.271,97.737,0.615,-0.940770833,14.374
20030125,16.737,1.761,97.617,2.002,13.7005,15.098
20030126,17.394,1.777,97.662,2.574,28.38770833,16.409
20030127,9.06,3.848,98.544,3.91,70.69021277,14.344
20030128,9.126,5.429,98.679,2.262,97.47583333,12.602
20030129,11.705,7.534,98.565,1.192,79.7933125,12.632
20030130,13.741,4.726,98.431,0.876,27.209875,13.234
20030131,16.33,2.801,98.246,1.087,55.09264583,14.583
20030201,13.212,1.533,98.39,1.937,8.376583333,14.872
20030202,9.012,2.257,98.627,2.116,54.63775,13.245
20030203,7.826,0.932,98.665,2.312,18.80985417,12.508
20030204,9.482,3.533,98.754,2.687,104.7408542,12.149
20030205,11.071,6.923,98.869,3.101,92.83166667,12.096
20030206,12.3,7.596,98.61,1.504,93.7655625,12.235
20030207,11.725,2.294,98.056,0.804,15.73339583,12.804
20030208,14.087,1.375,97.706,0.978,52.97004167,13.497
20030209,17.847,4.318,97.725,2.936,79.78502128,14.888
20030210,17.778,2.839,97.902,2.247,29.0893125,15.795
20030211,16.797,2.442,98.048,1.534,45.39525,16.181
20030212,7.816,0.576,98.421,2.392,9.811583333,14.262
20030213,7.789,1.106,98.369,1.356,43.61614583,12.469
20030214,12.068,1.095,98.167,0.694,27.73054167,13.043
20030215,16.023,1.279,97.835,1.241,26.79766667,14.328
20030216,18.289,1.672,97.825,1.524,42.9134375,15.961
20030217,14.279,2.097,98.102,1.087,35.6618125,15.678
20030218,15.89,0.941,98.029,0.634,33.0741875,15.57
20030219,18.134,2.302,97.963,1.889,76.21914583,16.602
20030220,13.775,0.576,98.088,1.923,10.21183333,16.056
20030221,15.154,1.341,98.05,1.772,11.62895833,15.566
20030222,19.181,3.005,97.848,2.503,70.01952083,16.61
20030223,19.746,3.843,97.667,2.297,77.01414583,17.475
20030224,19.852,3.193,97.702,1.267,62.75120833,17.944
20030225,18.516,1.902,97.86,1.986,28.54854167,18.043
20030226,19.329,2.86,97.917,1.52,37.4231875,18.086
20030227,21.194,6.992,97.894,2.36,114.901625,18.555
20030228,20.094,3.546,97.771,1.597,32.72714583,18.757
20030301,20.945,5.163,97.554,2.387,84.37460417,19.017
20030302,19.783,3.411,97.41,2.362,7.004208333,18.884
20030303,19.308,0.98,97.175,0.859,9.232541667,18.82
20030304,16.465,0.729,97.102,1.993,8.239958333,18.573
20030305,15.075,0.424,97.154,1.799,16.05504167,17.228
20030306,8.096,0.894,97.817,3.069,22.82010417,15.648
20030307,8.015,3.902,98.223,2.957,125.4228333,13.481
20030308,9.964,5.264,98.494,2.605,68.18841667,13.042
20030309,10.189,1.965,98.581,1.737,34.3739375,13.029
20030310,11.829,2.462,98.544,1.77,91.01241667,13.32
20030311,14.501,5.035,98.433,1.9,83.78402083,14.148
20030312,14.698,2.894,98.548,1.455,37.38289583,14.624
20030313,17.979,5.023,98.546,1.629,132.7686667,15.613
20030314,17.75,3.777,98.263,2.17,49.729,16.386
20030315,18.029,2.245,97.775,2.025,35.25572917,16.728
20030316,20.491,3.502,97.754,2.154,48.60741667,17.484
20030317,21.733,3.416,97.831,1.857,52.21997917,18.517
20030318,13.536,1.068,98.173,2.132,35.30129167,17.695
20030319,9.085,0.381,98.242,2.243,22.17922917,15.181
20030320,8.769,0.291,98.115,1.649,21.31660417,13.76
20030321,12.445,2.875,98.285,1.632,96.48947917,13.722
20030322,14.884,4.692,98.383,1.982,88.771125,14.563
20030323,13.372,0.644,98.31,1.042,12.88495833,14.786
20030324,15.219,0.934,98.177,0.89,35.2059375,15.144
20030325,18.768,4.162,98.169,1.129,69.76404167,16.033
20030326,20.038,5.094,98.052,2.033,117.9158333,17.148
20030327,21.149,3.991,97.819,1.764,73.87604167,18.135
20030328,21.298,3.645,97.615,1.126,91.81654167,18.725
20030329,18.401,0.625,97.565,1.131,17.0228125,18.652
20030330,19.973,1.061,97.531,2.854,15.081875,18.708
20030331,21.391,1.529,97.308,3.744,20.58241667,19.31
20030401,23.556,3.444,96.994,2.695,62.10772917,20.218
20030402,24.12,3.638,96.933,2.392,76.40520833,20.916
20030403,20.93,1.261,97.05,1.12,39.79341667,20.889
20030404,17.388,2.093,97.413,2.426,45.66741667,19.714
20030405,15.884,4.736,97.867,2.236,113.8161875,18.074
20030406,15.983,1.421,97.721,0.944,4.797208333,17.825
20030407,16.279,0.467,97.498,0.846,19.32191667,17.615
20030408,18.917,1.576,97.585,1.349,46.46233333,18.156
20030409,17.837,0.555,97.729,1.792,11.60672917,18.464
20030410,16.949,0.462,97.752,0.946,10.9768125,18.14
20030411,20.494,1.246,97.502,2.894,26.77652083,18.582
20030412,23.259,2.527,97.29,3.125,19.963875,20.023
20030413,23.023,3.002,97.152,3.449,84.34002083,21.044
20030414,17.39,4.565,97.719,2.49,104.39225,19.701
20030415,18.067,5.913,97.877,1.363,118.8058333,18.729
20030416,18.863,1.233,97.935,0.555,12.97035417,18.978
20030417,21.675,2.37,97.694,1.171,51.77720833,19.611
20030418,23.154,4.363,97.529,1.696,72.38658333,20.515
20030419,23.137,3.936,97.271,1.8,55.90252083,20.955
20030420,22.207,3.467,97.519,1.236,86.70527083,21.15
20030421,23.374,6.118,97.75,1.321,135.9252083,21.047
20030422,23.635,6.071,97.783,2.492,127.6603125,21.5
20030423,24.617,7.402,97.533,1.904,126.608125,21.723
20030424,24.709,6.536,97.31,1.783,119.4541042,22.151
20030425,23.15,6.699,97.448,1.143,164.8063958,21.981
20030426,24.33,10.511,97.575,1.042,126.9196458,21.789
20030427,24.156,6.094,97.679,1.96,99.72997917,22.123
20030428,23.919,6.95,97.733,1.904,124.5620833,22.099
20030429,24.623,8.355,97.758,1.737,136.5373958,22.245
20030430,22.677,12.833,97.908,3.196,159.0675,21.68
20030501,22.107,11.675,97.66,2.408,168.9358958,20.98
20030502,21.36,4.365,97.377,2.118,40.999625,20.845
20030503,22.416,2.266,97.154,1.972,32.76141667,21.368
20030504,22.112,1.034,96.988,1.205,51.99322917,21.658
20030505,22.514,1.689,96.898,1.073,41.2150625,21.67
20030506,26.411,5.924,96.754,2.893,71.03860417,22.68
20030507,26.86,5.982,96.983,3.176,57.39379167,23.431
20030508,23.822,3.122,97.523,2.027,71.71695833,23.34
20030509,22.912,3.684,97.84,1.213,42.8390625,22.679
20030510,23.536,4.303,97.806,2.719,88.06741667,22.629
20030511,24.38,6.428,97.688,2.378,112.0564792,22.71
20030512,24.47,5.724,97.61,2.086,96.59958333,22.84
20030513,25.602,6.476,97.49,2.087,129.2587083,23.304
20030514,24.649,4.092,97.242,2.323,102.4055417,23.554
20030515,25.721,5.71,97.123,3.085,151.2849792,23.623
20030516,26.394,5.644,96.971,4.768,104.7824167,24.093
20030517,26.346,6.346,96.846,2.864,71.18052083,24.243
20030518,21.854,3.051,97.156,1.924,43.92435417,23.429
20030519,23.74,8.133,97.531,1.823,160.4539583,22.793
20030520,25.465,10.605,97.66,1.304,132.0755625,23.22
20030521,26.456,10.316,97.529,2.179,179.5408333,23.734
20030522,25.843,8.761,97.335,2.451,165.5266458,23.807
20030523,25.346,4.758,97.212,3.184,117.8531042,24.019
20030524,25.538,5.427,97.087,2.733,184.3417708,24.229
20030525,23.439,4.036,97.108,1.773,82.93270833,23.71
20030526,23.848,5.179,96.948,1.189,79.62752083,23.333
20030527,24.75,7.41,96.698,1.779,121.7284375,23.323
20030528,25.048,7.738,96.683,2.01,114.1644792,23.414
20030529,25.778,6.201,96.856,1.819,98.29622917,23.783
20030530,26.717,14.99,97.01,2.618,194.77875,23.899
20030531,27.399,18.876,97.15,1.758,158.3407917,23.661
20030601,26.466,15.502,97.102,1.857,146.905,23.559
20030602,25.736,9.023,97.002,2.106,119.0261042,23.698
20030603,24.92,6.028,97.152,1.701,56.53185417,23.741
20030604,25.503,6.979,97.352,1.765,97.42564583,23.749
20030605,25.778,9.459,97.24,2.856,165.175625,23.994
20030606,24.695,3.988,96.746,2.45,97.08645833,23.981
20030607,23.108,2.287,96.65,1.452,15.73089583,23.744
20030608,25.119,7.806,96.804,1.775,150.2642708,23.514
20030609,23.811,2.071,96.731,1.621,27.2705,23.697
20030610,23.677,1.393,96.635,1.591,30.15710417,23.722
20030611,24.492,3.504,96.635,2.286,72.5101875,23.765
20030612,23.17,2.481,96.881,1.476,67.40908333,23.599
20030613,23.498,1.719,97.002,0.846,37.31370833,23.566
20030614,22.791,1.374,97.025,1.246,39.60402083,23.58
20030615,22.447,4.189,96.994,1.757,121.8225417,22.997
20030616,25.465,8.964,97.012,2.188,184.36725,23.362
20030617,25.759,9.027,97.1,1.583,176.9522708,23.922
20030618,27.981,13.849,96.944,1.585,113.2505417,24.176
20030619,27.591,10.527,96.775,2.355,116.8159375,24.635
20030620,26.442,6.266,96.829,1.83,118.7538542,24.804
20030621,24.966,3.198,96.91,1.766,48.910875,24.642
20030622,24.29,2.607,97.202,2.508,88.00795833,24.265
20030623,26.113,5.842,97.296,3.765,131.9437292,24.559
20030624,26.201,6.101,97.04,3.979,170.6325625,24.704
20030625,26.291,5.323,96.74,4.5,123.9058125,24.921
20030626,26.411,5.224,96.773,4.674,80.91072917,24.926
20030627,24.41,2.606,96.917,3.609,41.5168125,24.714
20030628,24.349,3.235,97.104,4.873,54.986125,24.271
20030629,25.04,4.456,97.246,4.105,97.53527083,24.263
20030630,26.803,9.14,97.327,3.016,196.06475,24.672
20030701,26.864,9.34,97.452,3.083,214.5352083,24.936
20030702,27.223,10.587,97.581,3.299,216.1204167,25.124
20030703,27.497,10.877,97.492,2.813,214.2935417,25.244
20030704,27.636,11.703,97.319,2.822,220.4956458,25.356
20030705,27.545,12.064,97.254,3.026,196.664375,25.361
20030706,27.125,10.321,97.256,3.298,163.551875,25.297
20030707,27.474,10.428,97.227,3.143,189.9314583,25.416
20030708,27.65,11.07,97.188,2.945,217.4459792,25.529
20030709,27.221,9.074,97.198,3.59,199.2071042,25.591
20030710,27.61,11.586,97.1,3.064,198.0435,25.559
20030711,25.855,5.482,97.156,1.435,118.7847917,25.372
20030712,26.348,6.356,97.308,2.297,134.5288958,25.303
20030713,27.999,11.315,97.365,3.101,219.1404167,25.6
20030714,28.73,13.472,97.264,2.511,195.6423542,25.855
20030715,29.607,14.182,97.173,2.493,184.1715,26.23
20030716,29.319,12.787,97.21,2.479,155.1275833,26.422
20030717,28.871,13.165,97.183,2.763,186.1542083,26.297
20030718,28.449,11.473,96.979,2.322,151.4905417,26.229
20030719,27.893,12.228,96.921,2.594,180.894375,26.094
20030720,26.636,6.325,96.958,1.41,95.70396979,25.213
20030721,25.421,4.003,96.981,2.304,80.20310146,23.646
20030722,26.959,9.246,97.057,1.859,100.5166492,24.712
20030723,30.369,18.572,96.686,3.637,170.439404,27.156
20030724,24.94,4.926,96.51,5.617,6.0069975,24.392
20030725,25.398,3.968,97.247,1.043,72.49127396,24.259
20030726,26.812,7.88,97.54,1.558,140.3987917,25.508
20030727,28.179,11.907,97.446,2.239,195.092875,25.982
20030728,28.327,12.002,97.335,3.021,200.5691667,26.33
20030729,27.507,10.689,97.244,2.184,177.792875,26.242
20030730,27.773,9.489,97.044,1.783,110.2511458,26.205
20030731,28.023,9.323,96.94,1.981,130.7615417,26.283
20030801,28.249,10.89,96.873,2.035,107.4479167,26.246
20030802,28.826,13.256,96.881,1.811,203.81225,26.561
20030803,29.107,12.853,96.879,2.007,163.5121458,26.565
20030804,29.659,13.107,96.706,1.751,171.5470833,26.948
20030805,25.075,4.531,96.556,1.545,113.9528542,26.163
20030806,24.358,2.906,96.51,1.141,54.45397917,25.438
20030807,25.336,3.96,96.756,1.826,108.6250833,25.536
20030808,26.952,6.809,96.76,2.078,129.306875,25.939
20030809,27.666,8.647,96.637,2.08,126.8073125,26.2
20030810,28.391,10.333,96.679,1.786,119.7964583,26.326
20030811,28.903,11.521,96.823,1.393,187.1343333,26.736
20030812,26.339,4.968,96.963,2.098,104.5792292,26.519
20030813,25.855,3.846,97.046,2.026,134.2305319,26.177
20030814,26.621,5.104,97.002,2.2,90.94095833,26.1
20030815,27.718,8.544,96.896,2.51,152.4225625,26.415
20030816,25.748,3.396,96.99,0.965,38.60535417,26.191
20030817,25.178,3.22,97.154,1.633,95.6330834,25.884
20030818,26.046,6.145,97.104,1.531,129.3918542,25.708
20030819,26.126,6.365,96.812,2.031,124.1578333,25.937
20030820,25.949,7.461,96.652,1.535,217.2571042,25.789
20030821,25.128,4.818,96.804,1.321,130.5204792,25.469
20030822,24.862,3.579,97.227,1.307,116.113375,25.414
20030823,26.424,6.229,97.188,1.588,171.8832292,25.711
20030824,26.813,9.782,96.929,4.073,136.5092917,25.616
20030825,23.909,2.575,96.96,3.558,21.74091667,24.771
20030826,24.706,3.062,97.292,1.351,78.9190625,24.874
20030827,25.74,4.646,97.39,1.387,102.6503125,25.189
20030828,26.509,7.283,97.35,2.473,129.3156458,25.414
20030829,26.828,9.521,97.427,1.867,180.37625,25.557
20030830,27.275,11.259,97.346,1.981,158.6572917,25.597
20030831,28.007,11.045,97.2,1.582,87.13375,25.749
20030901,28.561,12.796,97.021,1.656,125.9447917,26.018
20030902,27,13.007,96.456,4.809,101.7204375,25.738
20030903,23.417,1.87,96.608,3.53,13.06189583,24.537
20030904,23.865,2.722,97.417,2.217,106.2233958,24.78
20030905,24.531,4.308,97.404,2.233,89.16416667,24.777
20030906,24.666,4.591,97.285,1.706,131.2444583,24.885
20030907,23.834,2.713,97.179,2.201,55.00629167,24.651
20030908,24.297,3.647,97.262,1.969,56.14341667,24.605
20030909,26.175,7.995,97.312,1.404,197.3346042,25.132
20030910,26.941,9.529,97.229,2.206,173.57975,25.51
20030911,25.44,9.039,97.177,1.777,137.0735417,25.283
20030912,25.953,12.05,97.275,1.633,171.8535417,25.139
20030913,26.7,11.407,97.381,1.061,144.4035417,25.168
20030914,25.085,5.588,97.308,2.37,88.51116667,25.214
20030915,22.582,1.201,97.194,3.665,8.090416667,23.983
20030916,23.322,1.24,97.317,2.031,34.30233333,23.69
20030917,24.891,3.197,97.471,1.032,68.0055625,24.347
20030918,26.147,7.179,97.425,1.364,92.16466667,24.711
20030919,28.215,11.928,97.265,1.333,126.4550208,25.277
20030920,28.327,12.151,97.35,1.631,141.8411875,25.846
20030921,24.402,6.149,97.565,1.988,110.6693125,25.484
20030922,22.25,6.254,97.594,2.546,138.4320208,24.598
20030923,22.216,8.455,97.612,1.89,121.3997292,23.877
20030924,23.504,9.391,97.723,2.058,157.8095833,23.633
20030925,25.676,14.233,97.719,1.787,166.8610417,24.018
20030926,25.823,12.758,97.585,1.251,162.598125,24.23
20030927,25.542,7.916,97.406,1.307,103.120875,24.593
20030928,26.333,8.745,97.358,1.299,119.3914583,24.957
20030929,26.598,10.507,97.444,1.491,116.39025,25.136
20030930,24.861,6.158,97.544,1.816,89.01504167,24.973
20031001,25.323,7.635,97.648,1.489,75.006875,24.79
20031002,26.32,11.403,97.76,1.541,144.568375,24.897
20031003,23.407,5.44,98.021,2.514,54.8738125,24.629
20031004,21.393,6.286,98.083,2.473,148.44075,23.582
20031005,22.301,8.161,97.944,3.163,130.12625,23.306
20031006,20.8,7.463,97.883,3.364,108.9155625,22.758
20031007,20.308,6.844,97.74,2.335,139.8975208,22.335
20031008,21.764,7.956,97.631,1.294,134.7033958,22.284
20031009,24.963,9.492,97.563,1.247,135.2276875,23.153
20031010,24.782,6.211,97.477,1.617,58.4250625,23.733
20031011,23.451,2.048,97.292,1.31,19.07097917,23.864
20031012,25.842,6.962,97.34,2.834,131.7168542,24.366
20031013,21.215,3.834,97.748,2.704,18.26145833,23.864
20031014,16.894,6.103,98.206,3.616,115.4809574,21.587
20031015,17.941,7.744,98.273,3.372,154.334375,20.781
20031016,20.745,13.973,98.127,2.936,128.2933333,20.875
20031017,21.211,14.973,98.006,2.366,117.41625,20.813
20031018,21.345,14.283,98.021,2.072,107.76875,20.779
20031019,21.025,12.534,98.015,1.616,104.3404167,20.757
20031020,21.738,12.83,97.892,1.606,97.49395833,20.866
20031021,21.628,12.656,97.852,1.908,90.259375,20.936
20031022,22.134,12.912,97.973,1.853,81.72916667,21.036
20031023,22.203,16.488,98.106,1.891,86.53541667,20.907
20031024,21.984,16.624,97.927,1.17,93.67979167,20.631
20031025,22.678,17.568,97.931,1.139,85.60452083,20.772
20031026,22.206,14.757,98.019,1.111,78.20958333,20.768
20031027,21.445,9.367,98.196,1.429,40.262375,20.938
20031028,22.719,13.218,98.285,1.177,90.06216667,21.12
20031029,22.801,12.854,98.194,1.187,67.92354167,21.27
20031030,22.43,10.672,97.921,1.364,70.6355625,21.271
20031031,21.939,7.054,97.767,1.015,53.0876875,21.48
20031101,23.107,8.822,97.75,1.384,52.09583333,21.688
20031102,24.654,12.441,97.762,1.188,66.125625,22.049
20031103,26.024,20.428,97.848,2.044,74.3744375,22.172
20031104,23.059,11.734,97.873,1.487,69.5678125,21.899
20031105,22.164,6.493,97.819,1.749,40.12595833,21.851
20031106,21.793,5.626,97.723,1.586,50.72654167,21.821
20031107,22.233,5.981,97.66,1.111,51.58895833,21.775
20031108,23.168,5.173,97.66,1.448,65.99870833,22.304
20031109,16.518,3.367,97.858,2.412,42.96754167,21.266
20031110,11.971,1.808,98.256,3.165,33.20385417,18.86
20031111,11.878,4.535,98.627,3.764,121.9460833,17.459
20031112,11.725,5.475,98.692,3.549,99.0475625,16.682
20031113,14.24,6.669,98.423,1.591,90.5798125,16.56
20031114,18.347,7.768,98.21,0.761,50.78433333,17.669
20031115,21.821,10.658,97.99,1.356,94.03079167,19.039
20031116,21.756,12.346,97.881,2.493,78.6145625,19.54
20031117,18.618,5.426,97.954,1.89,23.91227083,19.595
20031118,18.546,2.298,97.783,1.117,26.996875,19.365
20031119,20.82,2.142,97.596,0.92,9.996791667,20.121
20031120,22.258,2.855,97.542,1.801,82.26170833,21.065
20031121,16.579,4.727,98.171,3.954,57.925,20.215
20031122,14.827,6.13,98.51,2.596,95.51839583,18.338
20031123,15.973,5.966,98.531,1.335,61.36952083,18.14
20031124,19.228,8.58,98.398,1.253,73.69208333,18.368
20031125,20.226,9.531,98.34,2.274,68.80229167,18.901
20031126,18.856,7.737,98.312,1.906,59.36708333,18.927
20031127,14.721,5.739,98.267,3.178,62.85897917,18.161
20031128,13.751,5.492,98.352,3.128,71.64770833,17.213
20031129,12.248,5.002,98.379,3.283,89.42733333,16.63
20031130,11.881,6.482,98.183,2.309,66.77925,15.738
20031201,14.334,8.54,98.244,0.985,59.71625,15.702
20031202,15.43,9.947,98.279,1.537,56.25458333,15.933
20031203,15.509,10.264,98.171,1.2,51.03333333,15.968
20031204,15.867,7.565,98.115,0.905,41.35541667,16.102
20031205,17.998,7.842,98.177,1.057,64.20727083,16.947
20031206,18.764,8.699,98.244,1.569,66.42770833,17.718
20031207,13.415,4.646,98.569,2.509,50.53104167,16.825
20031208,11.938,3.221,98.621,2.099,24.6686875,15.926
20031209,12.201,2.649,98.683,2.885,22.81395833,15.827
20031210,10.578,2.117,98.588,1.755,19.49114583,15.224
20031211,11.252,3.977,98.5,2.691,88.91645833,14.969
20031212,11.107,7.303,98.613,3.517,76.87270833,14.409
20031213,10.574,6.616,98.625,2.627,55.6650625,13.901
20031214,11.913,8.12,98.544,2.377,51.32347917,13.759
20031215,11.655,7.697,98.442,1.846,48.809375,13.716
20031216,12.577,8.367,98.337,1.346,42.3425,13.708
20031217,13.49,8.694,98.183,1.118,44.04791667,13.92
20031218,13.611,8.496,98.487,2.21,40.12010417,14.274
20031219,9.285,7.146,99.069,4.776,47.527625,13.456
20031220,8.285,7.657,99.027,3.289,44.80325,12.403
20031221,9.947,8.336,98.86,1.51,47.83666667,12.266
20031222,13.73,10.881,98.517,1.143,50.7878125,12.922
20031223,15.929,11.947,98.227,0.859,45.36154167,13.777
20031224,17.022,10.163,98.052,0.851,27.7504375,14.559
20031225,18.466,9.668,98.09,1.037,22.94208333,15.418
20031226,14.574,9.602,98.494,3.684,29.00291667,15.344
20031227,10.556,8.294,98.804,2.316,41.96995833,13.846
20031228,12.273,8.967,98.787,1.098,42.03702083,13.387
20031229,15.95,10.412,98.656,0.954,60.91291667,14.148
20031230,17.964,9.855,98.433,0.853,74.27116667,15.22
20031231,17.667,9.774,98.294,1.185,56.8401875,15.965
20040101,16.66,8.39,98.175,1.259,51.63916667,15.87
20040102,15.025,6.208,98.25,1.147,35.00908333,15.724
20040103,15.056,6.713,98.223,1.002,53.01108333,15.356
20040104,17.1,6.107,98.3,1.262,52.09854167,15.856
20040105,18.057,6.136,98.296,1.442,56.333125,16.549
20040106,18.897,8.561,98.275,0.967,47.65420833,16.872
20040107,16.972,6.65,98.396,1.169,40.16472917,16.698
20040108,17.281,5.158,98.525,1.229,38.53,16.719
20040109,16.189,3.803,98.508,1.197,34.498625,16.708
20040110,16.793,3.581,98.275,1.331,35.71141667,16.846
20040111,12.393,3.089,98.469,2.771,57.96335417,16.403
20040112,9.155,3.144,98.594,2.301,59.70458333,14.606
20040113,8.506,4.565,98.481,2.192,54.67708333,13.54
20040114,11.902,5.901,98.246,1.153,70.6229375,13.552
20040115,15.201,3.588,97.973,1.68,37.64902083,14.719
20040116,13.219,1.846,98.069,2.987,4.934583333,15.513
20040117,9.316,3.08,98.198,1.914,84.25375,13.844
20040118,9.363,1.356,98.073,2.541,3.181875,13.527
20040119,5.506,0.832,98.267,2.811,22.98216667,12.151
20040120,4.348,0.706,98.306,2.514,5.985270833,11.228
20040121,5.093,3.576,98.579,3.69,34.02360417,10.306
20040122,6.466,4.726,98.454,2.004,76.28802083,10.247
20040123,5.516,1.859,98.548,3.718,4.241979167,10.584
20040124,6.436,4.655,98.842,3.784,75.96270833,10.053
20040125,6.361,5.916,98.587,1.905,72.73564583,9.937
20040126,7.623,5.665,98.354,1.192,9.030833333,10.13
20040127,6.644,2.663,98.373,2.572,32.83583333,10.417
20040128,4.297,0.959,98.04,1.3,10.18135417,9.96
20040129,7.173,0.523,97.735,0.667,19.67535417,10.104
20040130,12.944,2.795,97.856,1.003,105.513625,11.649
20040131,14.616,1.593,97.802,0.865,7.145625,13.063
20040201,15.389,1.644,97.585,0.947,34.962,13.884
20040202,13.067,0.835,97.552,1.747,6.701520833,14.355
20040203,5.911,0.854,98,3.051,10.9975,12.403
20040204,3.963,0.7,98.187,2.877,10.61529167,10.725
20040205,6.735,3.418,98.477,2.776,72.39614583,10.239
20040206,9.916,6.338,98.696,2.51,52.464375,10.891
20040207,5.68,1.055,98.827,2.942,11.67227083,10.42
20040208,4.745,0.739,98.677,2.118,12.85020833,9.734
20040209,8.142,4.131,98.679,2.303,114.885625,9.781
20040210,11.964,6.5,98.656,1.283,83.97916667,10.819
20040211,14.951,6.963,98.483,1.13,80.93645833,12.014
20040212,17.929,9.68,98.542,1.734,80.96110417,13.544
20040213,16.442,10.592,98.394,2.137,73.29260417,13.824
20040214,17.793,12.698,98.017,1.435,73.0316875,14.008
20040215,17.699,11.861,98.033,1.335,51.5943125,14.269
20040216,17.362,7.667,98.181,1.076,54.3665625,14.627
20040217,16.843,2.689,98.01,0.792,17.92827083,15.26
20040218,18.815,6.476,97.79,1.663,99.95002083,15.749
20040219,17.784,5.044,97.883,1.583,67.23408333,16.064
20040220,18.168,3.536,97.996,1.653,27.68420833,16.298
20040221,19.546,4.389,97.835,1.603,77.51622917,16.932
20040222,20.353,8.323,97.8,1.748,109.2327083,17.36
20040223,16.544,7.13,98.013,1.906,85.7918125,16.704
20040224,15.39,2.391,97.94,1.113,9.825270833,16.463
20040225,15.444,2.009,97.908,1.217,50.52904167,16.212
20040226,17.745,5.401,97.923,1.304,124.2435,16.651
20040227,18.223,4.089,97.883,1.801,34.84466667,17.064
20040228,19.13,4.603,97.613,1.735,37.13002083,17.3
20040229,20.565,4.391,97.325,3.596,34.37966667,17.93
20040301,19.288,3.292,97.129,2.433,85.74552083,18.623
20040302,10.564,1.562,97.483,2.778,10.72185417,16.615
20040303,10.544,4.27,98.087,3.191,27.20097917,14.903
20040304,11.783,6.694,98.106,2.114,104.3375,14.355
20040305,13.651,8.261,98.062,1.438,-4.769395833,14.301
20040306,17.204,12.766,98.41,2.905,107.438125,14.986
20040307,15.919,12.276,98.929,2.796,98.15122917,15.184
20040308,16.064,12.657,98.877,1.394,104.0660417,15.188
20040309,17.299,10.307,98.113,1.918,88.8875,15.478
20040310,18.111,6.347,97.585,3.164,113.9865208,16.254
20040311,19.423,5.493,97.498,1.843,75.32783333,17.106
20040312,18.938,3.937,97.719,1.778,67.27714583,17.694
20040313,14.359,2.269,98.021,1.329,18.66204167,16.94
20040314,14.964,1.53,98.125,1.008,28.28960417,16.437
20040315,17.682,4.651,97.927,1.998,96.67516667,16.816
20040316,16.971,1.534,97.652,1.353,8.5466875,17.133
20040317,19.185,1.843,97.702,0.635,36.647125,17.525
20040318,20.29,3.398,97.858,1.401,77.533375,18.403
20040319,15.603,0.837,97.792,0.892,22.94689583,17.786
20040320,15.975,0.769,97.627,0.871,33.58135417,17.369
20040321,14.817,0.935,97.706,1.391,13.30345833,17.163
20040322,13.933,3.696,97.737,1.725,77.4506875,16.264
20040323,12.623,1.443,97.592,1.602,9.390354167,15.993
20040324,11.934,0.438,97.496,1.179,14.04816667,15.232
20040325,12.435,0,97.458,1.909,10.22652083,15.221
20040326,10.835,1.033,97.825,2.233,17.51077083,14.628
20040327,11.233,0.874,97.971,1.292,18.50277083,14.337
20040328,12.803,1.105,97.815,1.113,32.215625,14.554
20040329,14.276,0.639,97.725,0.85,12.62658333,15.004
20040330,16.446,2.435,97.84,1.791,59.06545833,15.711
20040331,15.944,0.683,97.775,1.434,10.70815625,16.095
20040401,18.274,1.451,97.86,2.697,-4.114729167,17.261
20040402,17.366,5.344,98.056,1.908,78.99202083,17.002
20040403,18.927,4.656,98.069,1.295,91.80675,17.202
20040404,21.644,9.311,98.052,2.528,149.848125,18.092
20040405,18.817,4.898,97.881,1.756,102.01925,18.197
20040406,18.155,1.541,97.575,1.569,13.462375,18.054
20040407,18.969,1.933,97.548,2.909,19.3841875,18.33
20040408,15.065,4.977,98.06,3.098,93.45485417,17.377
20040409,16.132,5.225,97.931,1.303,113.9133333,16.996
20040410,18.451,3.876,97.702,2.619,101.0201667,17.397
20040411,20.557,2.486,97.452,2.654,31.97172917,18.221
20040412,22.873,5.108,97.283,3.883,124.5293958,19.401
20040413,21.852,2.58,97.248,1.576,54.46027083,19.886
20040414,21.852,3.14,97.358,1.552,98.81766667,20.036
20040415,19.638,1.115,97.51,1.502,15.746,20.027
20040416,19.009,1.903,97.527,0.807,24.6798125,19.474
20040417,19.492,1.428,97.158,1.043,21.34252083,19.409
20040418,21.76,10.923,97.227,2.362,152.320625,19.466
20040419,25.151,16.524,97.517,1.889,177.1316667,19.939
20040420,24.922,10.732,97.633,2.356,151.1704167,20.68
20040421,24.982,7.69,97.431,2.893,93.17875,21.378
20040422,25.318,8.387,97.206,2.84,133.8908333,21.742
20040423,26.08,8.243,97.175,2.598,167.1535,22.328
20040424,23.975,4.347,97.448,2.636,95.35060417,22.473
20040425,21.547,2.681,97.583,1.369,20.96304167,21.765
20040426,23.755,4.693,97.365,3.297,103.1802917,21.784
20040427,23.479,10.309,97.546,2.151,190.8159167,21.989
20040428,22.702,6.92,97.646,1.062,44.322125,21.491
20040429,21.965,2.747,97.467,1.315,37.98177083,21.438
20040430,24.258,6.87,97.304,2.719,153.5538125,21.922
20040501,24.89,8.877,97.279,2.193,166.0494167,22.421
20040502,25.041,8.463,97.335,2.455,123.0879583,22.554
20040503,25.795,8.98,97.331,1.918,153.735125,22.86
20040504,18.794,4.602,97.675,3.053,84.02210417,22
20040505,18.696,8.74,97.769,2.045,214.7271667,20.584
20040506,19.826,8.402,97.802,1.177,62.64370833,20.37
20040507,17.58,1.294,97.475,1.166,12.5825,19.702
20040508,21.442,4.304,97.006,2.14,59.3399375,20.318
20040509,23.791,9.112,97.19,1.462,188.01,20.954
20040510,24.583,5.818,97.298,2.685,96.65977083,21.823
20040511,25.496,6.829,97.173,3.274,136.9833333,22.518
20040512,25.261,5.9,96.846,3.781,46.17689583,22.775
20040513,23.618,2.313,97.029,2.234,69.25758333,22.916
20040514,22.78,1.826,97.348,0.901,76.2796875,23.076
20040515,24.576,3.052,97.377,1.953,87.95172917,23.737
20040516,23.927,5.218,97.413,3.686,143.6584375,24.063
20040517,19.539,4.734,97.656,2.801,79.81475,22.568
20040518,20.863,5.211,97.346,1.035,100.7965417,21.963
20040519,19.415,1.818,96.948,1.649,54.92591667,21.703
20040520,21.835,6.405,96.727,1.368,169.9403125,21.754
20040521,19.56,4.025,96.696,1.806,83.81279167,21.291
20040522,22.591,8.455,96.833,2.115,200.6441667,21.606
20040523,26.191,14.713,97.052,1.849,190.7166667,22.525
20040524,26.301,14.216,97.231,2.087,184.6386875,23.192
20040525,25.368,10.812,97.312,2.116,169.6434583,23.313
20040526,25.931,8.519,97.352,2.527,156.3866875,23.698
20040527,24.948,5.017,97.402,2.763,112.8064792,23.994
20040528,25.316,4.613,97.287,2.522,108.64825,24.047
20040529,24.888,5.267,97.208,2.084,145.8545208,24.096
20040530,24.635,5.164,97.26,2.459,118.5443125,24.017
20040531,24.241,5.464,97.487,2.681,145.9645417,24.104
20040601,24.228,5.854,97.717,1.067,103.3953958,23.594
20040602,25.658,6.34,97.554,1.374,102.0068125,23.928
20040603,25.155,4.52,97.431,1.636,92.204,24.142
20040604,26.198,8.412,97.34,2.203,149.174375,24.393
20040605,25.409,7.294,97.183,2.911,141.021875,24.436
20040606,22.727,2.777,97.235,1.373,54.26741667,23.975
20040607,23.315,8.25,97.271,1.694,120.1788333,23.266
20040608,26.075,16.239,97.315,2.14,199.5729583,23.526
20040609,26.862,18.424,97.346,1.575,185.4410417,23.672
20040610,26.415,13.138,97.452,1.7,151.5199167,23.875
20040611,26.141,10.12,97.59,1.678,153.2748542,24.113
20040612,26.573,12.851,97.654,1.686,178.3603333,24.28
20040613,26.398,15.209,97.615,2.635,186.95,24.341
20040614,25.054,9.72,97.387,1.967,103.7804167,23.847
20040615,24.709,3.768,97.235,1.591,71.83433333,24.069
20040616,24.921,4.896,97.087,3.247,150.5128333,24.358
20040617,24.266,3.518,97.179,1.01,89.99227083,24.036
20040618,26.684,7.315,96.883,2.549,140.5043542,24.57
20040619,27.503,10.007,96.631,2.404,138.7732708,24.932
20040620,26.934,7.804,96.712,2.375,177.9395208,25.204
20040621,25.879,5.353,96.732,1.416,136.9902729,24.61
20040622,25.466,4.331,96.73,1.197,112.9396956,24.031
20040623,27.413,7.35,96.876,3.155,120.3141483,25.358
20040624,26.743,6.342,96.831,2.518,129.7584502,24.901
20040625,26.601,5.517,96.74,2.027,130.9546938,24.804
20040626,26.373,5.206,96.722,1.275,127.4445758,24.649
20040627,26.915,7.195,96.831,2.285,110.0119242,25.018
20040628,28.324,11.363,96.74,1.627,126.7440898,25.979
20040629,30.287,16.93,96.73,1.798,185.117775,27.316
20040630,30.623,16.744,96.876,1.334,173.3517708,27.545
20040701,30.852,17.071,96.831,1.526,188.7931063,27.701
20040702,30.096,14.921,96.74,1.648,122.5886613,27.186
20040703,29.059,12.104,96.722,3.115,66.69415104,26.479
20040704,25.682,6.233,96.831,1.527,45.75926396,24.178
20040705,26.062,5.067,96.74,2.026,98.18301956,24.437
20040706,26.335,5.993,96.73,3.577,82.93044292,24.623
20040707,26.198,6.206,96.876,3.079,105.0536602,24.529
20040708,26.165,7.522,96.831,1.508,124.398761,24.507
20040709,25.416,7.119,96.74,2.186,92.5399875,23.997
20040710,26.199,8.281,96.726,3.347,110.7438896,24.531
20040711,24.942,5.422,96.869,4.64,116.9456127,23.674
20040712,23.733,3.73,96.862,3.006,34.1821075,22.85
20040713,23.182,3.985,96.839,1.493,95.04277979,22.475
20040714,24.756,5.675,96.912,1.318,105.1009258,23.547
20040715,26.426,9.064,96.965,1.538,194.7115804,24.685
20040716,26.066,8.885,96.941,1.699,114.0493817,24.439
20040717,25.414,6.117,96.93,2.583,57.70626233,23.995
20040718,26.071,8.105,96.985,2.449,114.4428848,24.443
20040719,26.834,9.155,96.967,1.443,120.3141529,24.963
20040720,24.737,4.866,96.947,1.514,42.75282354,23.534
20040721,24.023,3.167,96.983,2.371,61.75947083,23.048
20040722,24.866,5.321,96.967,2.041,152.2673158,23.622
20040723,25.919,8.667,96.947,1.473,90.4072125,24.339
20040724,27.001,12.21,96.939,1.542,126.4057027,25.077
20040725,27.145,12.606,96.985,1.926,159.4528519,25.175
20040726,26.046,9.185,96.967,2.25,128.7668021,24.426
20040727,26.897,10.823,96.947,1.908,160.507534,25.006
20040728,25.601,7.14,96.983,1.429,117.1187588,24.123
20040729,23.561,1.893,96.967,1.431,24.04524498,22.733
20040730,23.606,1.81,96.947,1.009,-26.82016196,22.764
20040731,25.51,5.163,96.939,1.034,85.220707,24.061
20040801,27.399,10.502,97.014,1.713,141.853536,25.439
20040802,28.307,12.4,97,2.346,170.8508511,26.76
20040803,28.431,12.554,96.927,2.249,170.3413192,27.003
20040804,26.784,7.28,96.983,1.762,173.3060246,24.929
20040805,24.785,3.447,96.922,1.121,163.0376929,23.567
20040806,25.144,4.141,96.937,1.931,160.512985,24.739
20040807,25.699,6.604,96.908,2.033,159.0827917,25.144
20040808,28.462,15.853,96.796,1.567,138.3222081,26.073
20040809,29.532,16.831,96.808,1.306,123.1300625,26.802
20040810,30.687,20.794,96.718,2.085,142.3269158,27.589
20040811,28.354,14.814,96.661,1.876,134.2044688,26.374
20040812,25.524,7.861,96.599,2.111,137.9858229,25.984
20040813,27.864,12.329,96.546,1.281,147.7133333,26.841
20040814,27.768,9.367,96.646,1.729,99.53,27.332
20040815,25.785,4.441,96.815,1.862,94.41677083,27.343
20040816,26.749,7.141,96.963,1.245,108.929,27.223
20040817,29.164,13.567,96.956,1.238,113.9625,27.586
20040818,29.228,14.628,96.938,1.249,139.3595833,27.836
20040819,28.249,10.648,96.985,1.083,128.5389375,27.856
20040820,25.026,3.959,97.069,1.3,45.65222917,27.478
20040821,24.26,2.923,97.123,1.524,89.80335417,26.726
20040822,24.495,2.822,97.15,1.205,74.09525,26.698
20040823,26.359,6.806,97.021,1.166,150.7065833,27.029
20040824,27.911,10.402,96.85,1.698,123.447875,27.307
20040825,28.739,14.906,96.504,2.235,170.571875,27.642
20040826,27.255,13.766,96.081,2.443,118.63875,27.207
20040827,23.761,3.389,96.196,2.236,34.79546917,24.413
20040828,24.328,3.349,96.204,3.804,35.19710417,25.9
20040829,23.613,1.472,96.285,3.36,4.339125,25.624
20040830,24.274,1.767,96.596,1.772,45.568875,25.859
20040831,26.119,5.59,96.856,1.525,141.2728333,26.435
20040901,25.705,4.28,97.106,1.334,57.27004167,26.535
20040902,26.912,7.598,97.29,1.324,115.4612917,26.856
20040903,26.634,7.515,97.306,1.489,109.3255,26.999
20040904,26.996,8.429,97.125,1.168,142.0451458,26.995
20040905,28.032,10.173,96.896,1.147,138.4460417,27.37
20040906,27.659,9.175,96.842,1.455,140.5475,27.586
20040907,27.737,10.595,96.858,2.253,161.5871458,27.612
20040908,25.808,8.317,97.008,3.028,49.99147917,27.28
20040909,21.123,5.189,97.158,2.462,54.37595833,25.808
20040910,23.289,8.362,97.294,2.78,134.2626875,25.135
20040911,23.442,9.565,97.354,2.757,105.1654167,25.208
20040912,24.28,12.61,97.477,2.717,136.005617,25.147
20040913,24.608,14.322,97.548,2.257,148.034125,25.215
20040914,25.145,15.489,97.36,2.088,124.2364583,25.176
20040915,25.71,14.214,97.283,1.339,127.9029167,25.466
20040916,27.036,14.736,97.553,1.474,149.3514458,25.665
20040917,25.639,8.595,97.417,1.859,156.1636046,24.149
20040918,25.074,6.076,97.508,0.885,157.0983792,23.763
20040919,24.913,5.165,97.54,1.486,164.4046292,23.654
20040920,26.117,8.737,97.549,1.191,161.7152396,24.475
20040921,25.493,7.675,97.549,1.493,156.7961479,24.049
20040922,23.141,6.964,97.618,1.832,143.5078854,22.565
20040923,23.804,10.049,97.71,1.71,152.6249958,23.013
20040924,24.799,13.407,97.726,1.354,150.6767667,24.705
20040925,25.515,12.704,97.721,1.215,132.795,25.17
20040926,26.033,18.418,97.84,1.682,143.0059417,24.958
20040927,25.646,17.128,97.814,2.668,158.3284458,24.154
20040928,26.038,14.037,97.87,1.977,155.8634813,24.421
20040929,26.92,14.252,97.988,1.117,155.6379917,25.022
20040930,26.011,7.949,98.003,2.041,141.59375,24.657
20041001,25.062,10.731,97.95,2.561,115.6017708,25.832
20041002,19.596,11.954,98.225,4.101,129.2785417,24.21
20041003,19.246,14.054,98.09,2.998,129.985625,23.071
20041004,20.306,14.882,97.971,2.489,123.2841667,22.612
20041005,22.155,16.538,97.946,1.681,121.4660417,22.794
20041006,22.914,17.109,97.912,1.75,125.2671042,23.141
20041007,22.504,14.037,97.69,1.496,109.22625,23.235
20041008,22.621,14.241,97.665,2.047,84.06479167,23.307
20041009,23.354,18.156,97.8,2.091,97.2446875,23.216
20041010,23.348,18.152,97.95,1.192,92.81722917,23.121
20041011,24.079,18.169,97.977,1.344,106.150375,23.324
20041012,23.709,16.73,98.017,2.119,89.55608333,23.542
20041013,23.078,12.738,98.096,0.835,59.81854167,23.488
20041014,23.12,11.893,98.229,1.024,86.79041667,23.672
20041015,22.426,10.415,98.181,1.248,91.26208333,23.626
20041016,23.237,13.973,97.917,1.35,98.9781875,23.653
20041017,23.428,14.87,97.781,1.405,91.9716875,23.508
20041018,23.38,16.045,97.692,2.387,96.6311875,23.53
20041019,21.381,12.29,97.612,3.121,91.40941667,23.215
20041020,20.963,12.194,97.781,3.083,96.44833333,22.764
20041021,21.572,12.713,98.06,1.793,84.96972917,22.788
20041022,21.702,13.747,98.231,2.226,85.96529167,22.724
20041023,21.472,11.592,98.219,1.315,88.7585625,22.752
20041024,22.091,13.218,98.206,1.42,77.00854167,22.765
20041025,23.041,15.652,98.048,3.093,102.7175,22.874
20041026,22.123,13.655,98.337,4.069,51.8883125,22.911
20041027,19.463,10.699,98.362,2.35,87.74889583,22.314
20041028,20.431,9.691,98.206,0.956,76.30020833,22.203
20041029,20.563,7.101,98.146,0.991,57.8325,22.415
20041030,21.408,8.64,97.996,1.365,64.17635417,22.581
20041031,22.383,10.037,97.887,1.617,76.64041667,22.862
20041101,22.089,10.395,97.944,1.875,63.730625,23.033
20041102,20.692,12.481,98.054,2.06,85.31840646,22.343
20041103,21.178,9.425,98.136,0.895,61.51223958,22.095
20041104,20.75,6.8,98.052,2.039,62.14529604,22.374
20041105,19.18,3.691,98.056,2.475,13.36183333,22.563
20041106,19.448,6.849,98.048,1.477,75.24083333,22.24
20041107,20.743,7.077,98.033,0.776,38.26941667,22.326
20041108,20.973,6.47,98.027,1.403,59.65395833,22.596
20041109,20.929,4.3,97.81,1.006,32.76720833,22.709
20041110,23.343,6.987,97.785,2.113,104.0131042,23.442
20041111,24.088,7.712,97.9,2.081,91.171875,23.996
20041112,22.469,7.458,98.225,1.555,88.84804167,23.918
20041113,22.271,5.642,98.11,1.123,52.7323125,23.827
20041114,23.344,8.205,97.921,1.409,127.8753125,23.994
20041115,15.241,4.552,98.271,3.778,58.059,22.762
20041116,13.41,3.149,98.413,3.088,72.29125688,21.37
20041117,15.503,6.42,98.385,2.6,120.9707619,21.475
20041118,16.658,11.563,98.354,2.417,115.4057202,21.047
20041119,17.137,12.655,98.25,1.864,111.3507917,20.676
20041120,18.215,14.038,98.271,1.421,109.3669146,20.55
20041121,18.327,13.038,98.387,1.963,96.02314563,20.605
20041122,18.334,12.664,98.379,1.474,93.54231708,20.58
20041123,18.717,10.901,98.327,1.622,67.83166713,20.655
20041124,18.186,5.006,98.413,2.073,40.421525,20.886
20041125,20.004,8.057,98.488,3.231,81.81566021,21.096
20041126,14.688,5.929,98.737,4.463,48.55282229,20.955
20041127,13.2,6.411,98.638,2.432,71.8500235,20.042
20041128,16.743,9.41,98.4,1.313,105.7156288,19.776
20041129,19.535,12.078,98.275,2.222,73.34398229,20.135
20041130,18.903,12.339,98.205,1.441,73.6985,19.49
20041201,19.508,13.142,98.305,1.761,62.78875,18.035
20041202,19.801,12.557,98.302,1.674,57.41039583,18.084
20041203,20.919,13.132,97.794,2.669,58.24164583,18.394
20041204,17.342,10.22,97.896,4.096,42.46541667,18.067
20041205,14.489,11.195,98.344,3.232,53.83583333,16.526
20041206,15.495,11.063,98.633,1.439,52.19354167,16.146
20041207,14.558,10.603,98.729,3.339,46.31395833,16.04
20041208,13.857,10.678,98.54,2.75,45.62895833,15.372
20041209,14.782,11.432,98.44,1.289,43.353125,15.224
20041210,16.638,13.653,98.483,1.623,47.72541667,15.513
20041211,16.923,12.587,98.506,1.254,43.785625,15.787
20041212,17.408,13.801,98.615,2.137,35.65541667,16.077
20041213,16.162,12.903,98.425,1.834,42.951875,15.778
20041214,16.214,9.008,98.11,1.65,54.1538125,15.911
20041215,19.389,12.268,97.994,1.088,57.71895833,16.854
20041216,18.85,10.782,98.11,1.247,34.8565,17.192
20041217,18.171,7.143,98.129,1.457,41.03,17.34
20041218,18.7,8.222,97.89,1.256,29.67479167,17.484
20041219,18.624,8.348,97.729,1.075,52.32208333,17.709
20041220,17.115,5.656,97.887,1.066,34.22916667,17.546
20041221,16.804,4.105,97.867,1.002,22.25183333,17.486
20041222,17.47,3.973,97.767,1.005,32.89783333,17.726
20041223,14.95,2.892,97.879,1.676,12.20916667,17.616
20041224,9.471,2.365,98.261,1.883,28.75579,15.261
20041225,10.442,2.426,98.158,1.157,38.60308333,15.013
20041226,12.34,2.638,98.015,0.988,54.91027083,15.164
20041227,9.282,2.263,98.275,2.412,40.44377083,14.888
20041228,5.779,1.947,98.444,2.412,23.63652083,13.306
20041229,6.106,3.16,98.36,2.509,90.3431875,12.177
20041230,6.098,2.192,98.598,3.471,3.841229167,12.329
20041231,3.411,3.495,99.073,3.883,73.47725,10.789
20050101,3.685,4.368,98.908,3.186,84.15035417,9.952
20050102,6.145,5.105,98.406,1.154,55.065,10.387
20050103,9.017,5.842,98.115,1.236,30.80225,11.049
20050104,10.425,3.262,98.342,1.692,46.99752083,12.108
20050105,10.64,4.235,98.381,1.187,31.24279167,12.51
20050106,13.046,5.206,98.3,0.968,78.637,13.095
20050107,14.945,6.865,98.34,1.318,46.18239583,13.917
20050108,13.72,6.384,98.41,1.774,59.85416667,14.209
20050109,9.501,4.204,98.483,2.296,51.22895833,13.29
20050110,8.994,4.393,98.423,1.756,67.73960417,12.596
20050111,10.268,4.35,98.425,1.579,54.05291667,12.761
20050112,7.994,3.016,98.404,2.527,38.20322917,12.507
20050113,4.748,1.117,98.321,2.741,21.1614375,11.144
20050114,6.063,4.253,98.402,2.649,60.93875,10.078
20050115,7.915,6.874,98.381,2.847,40.03583333,10.014
20050116,9.369,8.058,98.415,1.702,63.47354167,10.345
20050117,11.547,8.413,98.283,1.076,62.45822917,11.027
20050118,13.475,6.404,98.175,1.018,57.83152083,12.35
20050119,11.333,4.792,98.327,1.457,22.0901875,12.729
20050120,9.429,2.268,98.671,1.773,34.5606875,12.262
20050121,11.878,3.651,98.65,1.175,78.90279167,12.501
20050122,14.853,3.055,98.352,1.593,26.32610417,13.783
20050123,15.455,3.804,98.104,1.095,68.04770833,14.464
20050124,16.221,2.352,97.833,1.726,12.4499375,15.24
20050125,16.536,1.594,97.45,1.238,17.0528125,15.751
20050126,14.561,1.041,97.387,0.563,26.04345833,15.769
20050127,13.273,0.889,97.377,0.643,14.72060417,15.301
20050128,9.974,0.234,97.333,0.849,22.546875,14.176
20050129,11.831,0,97.406,0.376,21.917,13.876
20050130,9.615,0,97.85,2.018,11.22958333,13.608
20050131,7.378,1.213,98.14,2.414,22.033875,12.309
20050201,6.415,2.347,98.094,2.219,22.54364583,11.415
20050202,5.205,0.892,98.133,2.041,7.787145833,10.549
20050203,6.41,0.493,98.01,0.975,14.05452083,10.416
20050204,11.005,0.63,97.819,0.562,23.749,11.451
20050205,15.856,0.848,97.802,0.441,19.23370833,13.33
20050206,18.45,2.157,97.933,2.146,54.5135625,15.29
20050207,19.094,4.279,98.133,1.558,72.45139583,16.386
20050208,17.633,2.391,98.185,1.001,26.4325,16.641
20050209,17.706,1.94,98.179,0.8,27.3054375,16.736
20050210,11.616,1.797,98.529,2.326,35.58083333,15.832
20050211,8.746,2.517,98.654,1.913,63.6565,13.503
20050212,10.802,2.119,98.473,1.274,55.848125,13.382
20050213,13.024,3.532,98.244,1.095,60.11379167,13.77
20050214,14.054,1.115,97.862,0.576,11.961625,14.469
20050215,17.865,1.2,97.55,1.747,17.7065625,15.664
20050216,20.723,4.057,97.333,2.144,44.896625,17.408
20050217,10.903,0.658,97.475,1.794,22.57760417,15.908
20050218,7.402,1.576,98.044,3.55,42.70958333,13.515
20050219,5.945,2.984,98.546,3.659,66.42397917,11.881
20050220,5.322,3.413,98.696,3.062,57.21185417,10.736
20050221,4.464,2.181,98.483,1.804,24.5435625,10.173
20050222,5.108,0.436,98.152,0.668,20.10314583,9.935
20050223,8.225,0.517,97.49,0.349,21.57708333,10.558
20050224,14.59,0.984,97.237,0.687,54.61658333,12.387
20050225,16.88,1.359,97.444,1.41,15.9858125,14.308
20050226,12.463,0.646,97.946,2.417,8.619875,14.532
20050227,8.864,0.422,98.096,1.945,11.74083333,12.927
20050228,8.567,1.916,98.275,3.025,66.3775625,12.022
20050301,7.705,1.083,98.344,1.932,11.65977083,11.642
20050302,8.258,0.588,98.413,2.251,13.82522917,11.39
20050303,9.697,3.816,98.742,3.65,75.8724375,11.322
20050304,9.336,4.251,99.117,2.74,-2.991354167,11.184
20050305,11.119,6.646,99.273,2.132,101.22625,11.143
20050306,12.636,9.645,98.919,1.975,117.8774583,11.563
20050307,14.162,7.255,98.677,1.835,123.2020833,12.368
20050308,16.511,5.844,98.321,2.137,83.89541667,13.697
20050309,16.546,2.242,97.96,1.154,21.32652083,14.714
20050310,18.379,2.333,97.504,3.113,18.63860417,15.571
20050311,18.506,1.101,97.473,1.009,6.878229167,16.33
20050312,12.099,0.83,97.96,2.893,7.1769375,15.853
20050313,5.476,2.762,98.675,3.368,34.88339583,12.238
20050314,7.325,3.597,98.254,1.277,36.82110417,11.498
20050315,8.339,1.399,97.956,0.861,23.70223958,11.51
20050316,14.955,0.811,98.027,0.517,27.99852083,12.921
20050317,18.259,1.652,98.038,0.899,41.02541667,14.831
20050318,17.515,5.593,98.285,2.581,97.64147917,15.696
20050319,16.621,4.817,98.244,1.712,55.45158333,15.702
20050320,17.595,6.081,98.075,1.796,71.20995833,15.864
20050321,18.582,3.602,97.702,2.928,27.20414583,16.404
20050322,19.197,2.723,97.415,2.079,76.91954167,17.286
20050323,14.436,4.49,97.963,3.212,79.91810417,16.593
20050324,13.835,7.483,98.429,3.523,62.34939583,15.13
20050325,14.488,7.612,98.277,1.405,79.2856875,14.792
20050326,13.792,1.682,97.831,0.874,17.50435417,14.832
20050327,17.931,1.257,97.575,1.427,30.7635625,15.819
20050328,21.032,2.191,97.579,1.462,79.60170833,17.454
20050329,22.16,4.095,97.433,3.456,106.3108125,18.82
20050330,18.463,1.419,97.392,1.943,8.10275,18.696
20050331,15.024,0.765,97.506,1.69,17.84629167,17.327
20050401,15.218,0.696,97.637,1.173,22.68966667,16.776
20050402,17.431,3.927,97.875,1.441,123.9972083,17.08
20050403,20.375,10.889,98.156,1.839,92.57202083,17.451
20050404,20.868,12.393,98.302,1.9,81.72320833,17.69
20050405,18.282,5.219,98.035,1.737,54.9230625,17.631
20050406,18.341,2.031,97.648,1.622,38.61820833,17.749
20050407,21.475,4.321,97.479,2.123,92.04225,18.491
20050408,23.653,6.054,97.358,2.223,76.472875,19.699
20050409,23.795,5.098,97.319,3.571,28.456125,20.394
20050410,17.863,1.495,97.546,1.627,25.56139583,19.785
20050411,17.992,0.937,97.506,0.776,17.0929375,18.602
20050412,14,1.025,97.894,2.822,21.71052083,18.103
20050413,14.605,5.63,98.24,2.499,102.9094167,16.283
20050414,18.689,10.746,98.146,1.408,181.0564583,16.841
20050415,19.695,6.783,98.092,1.948,129.9125,17.585
20050416,17.436,1.451,97.94,1.923,9.253729167,18.055
20050417,16.322,0.78,97.985,1.163,13.59789583,17.522
20050418,19.251,2.41,98.04,0.542,64.14833333,17.929
20050419,22.485,6.32,98.058,1.607,111.3995833,19.034
20050420,22.821,9.224,97.973,2.004,147.8647917,19.636
20050421,22.567,4.886,97.619,1.703,31.37854167,19.96
20050422,22.859,4.759,97.504,2.886,64.21289583,20.377
20050423,22.781,5.052,97.558,2.476,62.1728125,20.68
20050424,23.256,4.582,97.546,1.338,73.09702083,20.768
20050425,20.822,1.281,97.431,0.722,17.6269375,20.806
20050426,21.024,2.155,97.429,0.639,60.54697917,20.44
20050427,20.209,0.998,97.427,0.864,11.87970833,20.468
20050428,21.366,1.998,97.225,0.973,35.44989583,20.414
20050429,24.113,4.354,97.06,1.115,64.29083333,21.084
20050430,25.313,4.91,96.994,1.476,46.49685417,22.039
20050501,25.978,6.28,96.998,1.764,134.3453542,22.616
20050502,24.155,4.921,97.196,1.152,175.1490208,22.69
20050503,25.465,6.064,97.174,1.1,91.16339071,23.821
20050504,24.015,4.71,97.045,1.612,43.70053479,22.774
20050505,24.84,5.395,96.644,1.442,75.45385417,22.579
20050506,22.625,8.096,96.992,1.196,176.8814894,22.125
20050507,21.537,6.691,97.202,0.868,66.7263125,21.5
20050508,22.328,2.865,97.175,1.295,55.30545833,21.58
20050509,20.855,1.463,96.877,1.463,46.54764583,21.337
20050510,21.862,1.333,96.908,0.406,47.30629167,21.444
20050511,23.131,1.202,97.035,0.377,16.90825,21.988
20050512,25.378,3.518,96.99,1.011,73.30802083,22.695
20050513,25.877,4.517,96.831,1.455,78.6268125,23.529
20050514,26.639,5.952,96.913,1.362,95.46635417,23.964
20050515,27.142,7.331,97.137,1.547,118.0410625,24.21
20050516,26.469,6.389,97.188,2.556,118.0151458,24.345
20050517,26.766,7.017,97.198,2.645,167.7216458,24.52
20050518,25.432,5.361,97.275,1.021,147.8338542,24.558
20050519,23.023,1.537,97.371,1.015,47.49520833,23.756
20050520,24.347,2.864,97.381,1.385,95.10272917,23.704
20050521,26.318,8.129,97.287,1.594,212.8097917,24.19
20050522,26.395,9.437,97.211,1.585,190.5191077,24.507
20050523,26.289,9.008,97.162,1.53,181.1433542,24.494
20050524,25.303,5.982,97.127,0.843,127.4023542,24.323
20050525,25.336,6.056,97.246,0.951,166.035375,24.405
20050526,24.181,3.307,97.21,1.409,92.87125,24.17
20050527,24.422,4.685,97.004,1.274,99.6318125,23.861
20050528,25.347,6.159,97.048,1.173,189.0461042,24.277
20050529,23.453,3.048,97.331,1.315,54.65389583,23.881
20050530,25.121,6.645,97.24,1.514,133.0003542,23.986
20050531,25.609,7.876,96.977,2.678,158.8925,24.181
20050601,25.371,4.763,96.717,3.867,133.9238958,24.417
20050602,26.512,6.361,96.667,2.699,127.76375,24.811
20050603,25.021,3.027,96.796,1.049,53.0759375,24.67
20050604,24.538,2.187,96.883,0.882,63.16110417,24.406
20050605,22.764,1.461,96.96,1.656,18.09391667,23.994
20050606,24.002,6.747,96.979,1.789,153.5171667,23.536
20050607,22.495,2.354,96.981,1.537,16.12375,23.454
20050608,22.941,2.848,96.981,2.079,26.03772917,23.13
20050609,25.331,9.721,96.873,1.724,163.0442083,23.41
20050610,27.106,8.703,96.629,1.185,128.5788958,24.191
20050611,28.214,10.475,96.504,1.469,171.6052083,25.001
20050612,25.326,4.523,96.492,1.049,57.30591667,24.944
20050613,25.186,3.971,96.587,1.19,117.7507292,24.335
20050614,26.07,4.336,96.5,1.226,76.58135417,24.883
20050615,25.111,3.45,96.521,0.687,91.3841875,24.788
20050616,24.265,2.551,96.819,0.768,50.45954167,24.434
20050617,24.57,3.173,97.017,1.874,57.51516667,24.321
20050618,25.721,4.277,96.898,2.713,115.494375,24.541
20050619,26.553,4.991,96.81,2.414,122.5226875,25.052
20050620,26.549,5.322,96.81,2.078,87.02314583,25.24
20050621,25.587,4.462,96.798,2.595,81.68814583,25.043
20050622,24.319,2.199,96.848,1.945,47.13475,24.452
20050623,23.75,2.038,96.908,1.524,12.87897917,24.359
20050624,24.543,3.397,97.035,2.024,112.5975,24.256
20050625,26.804,6.794,96.971,4.02,138.1051042,25.027
20050626,26.715,7.215,96.819,3.573,152.7919583,25.32
20050627,24.595,3.087,96.823,2.48,20.62083333,24.955
20050628,25.174,3.802,96.929,1.262,55.57522917,24.782
20050629,26.454,6.539,97.058,1.326,143.7534375,25.046
20050630,23.444,1.606,97.054,2.412,20.71347917,24.783
20050701,23.192,2.391,97.369,1.739,46.77460417,24.094
20050702,23.923,2.529,97.425,1.332,55.34808333,24.104
20050703,26.015,6.478,97.385,1.813,121.7522917,24.544
20050704,26.786,8.216,97.269,2.454,162.5959167,25.074
20050705,27.481,10.538,97.196,2.366,185.548125,25.379
20050706,27.841,11.516,97.031,2.041,127.4933542,25.559
20050707,27.998,10.596,96.887,1.978,94.17322917,25.663
20050708,25.888,7.34,96.994,2.978,114.1774375,25.471
20050709,25.499,6.756,97.173,1.893,145.6562708,24.972
20050710,26.948,8.134,97.335,2.882,143.5123333,25.394
20050711,27.263,9.686,97.483,3.271,187.0852917,25.614
20050712,26.471,7.844,97.473,2.479,175.8029583,25.62
20050713,27.11,8.837,97.479,2.936,181.2920833,25.624
20050714,27.895,10.379,97.56,2.9,196.8141667,25.945
20050715,27.897,10.221,97.527,2.136,178.25675,26.073
20050716,28.116,12.888,97.385,2.007,210.4790625,26.08
20050717,29.277,16.174,96.985,1.663,142.8967708,26.104
20050718,31.055,19.197,96.669,2.14,180.39375,26.513
20050719,32.063,24.766,96.419,2.997,183.9748958,26.842
20050720,30.726,20.638,96.438,1.723,176.2002708,26.798
20050721,27.763,10.606,96.537,1.642,106.9421042,26.427
20050722,24.323,3.481,96.79,1.264,53.43177083,25.387
20050723,23.883,2.49,96.954,1.069,70.06775,24.644
20050724,25.503,5.536,96.94,1.439,105.5632708,24.973
20050725,27.81,12.03,96.883,1.89,169.0464375,25.34
20050726,28.645,13.769,96.829,1.785,183.8797917,25.86
20050727,27.498,11.5,96.844,1.603,148.2239583,25.827
20050728,27.366,11.944,96.775,1.583,187.571875,25.625
20050729,25.711,5.487,96.64,2.837,42.62029167,25.463
20050730,23.996,1.918,96.733,3.207,22.193375,24.82
20050731,23.745,1.284,97.083,2.223,15.21733333,24.623
20050801,25.804,4.105,97.229,1.314,124.233625,25.038
20050802,27.21,9.195,97.023,2.428,187.03,25.506
20050803,27.661,9.472,96.702,2.083,102.3435417,25.702
20050804,28.238,8.811,96.506,1.855,147.972,26.213
20050805,28.068,10.649,96.437,1.294,116.6052708,26.123
20050806,29.781,17.79,96.285,1.529,151.6064583,26.302
20050807,29.047,14.321,96.415,1.441,137.7227083,26.301
20050808,27.089,8.005,96.8,1.646,179.0604167,26.314
20050809,26.359,6.328,96.892,2.044,116.8682292,26.04
20050810,25.638,5.416,96.762,3.649,43.5215,25.579
20050811,24.903,3.64,96.854,2.561,44.38710417,25.234
20050812,29.049,14.977,96.648,1.553,189.2392917,25.572
20050813,29.116,14.912,96.398,2.427,147.755875,26.265
20050814,26.048,7.389,96.731,2.813,151.5779375,25.344
20050815,25.099,3.417,96.885,1.548,65.58829167,25.507
20050816,24.162,2.576,96.958,1.913,77.19222917,25.19
20050817,23.365,2.292,96.996,2.427,40.63883333,24.603
20050818,24.326,4.139,97.065,2.252,111.8154583,24.614
20050819,23.937,2.639,96.948,1.402,67.96970833,24.634
20050820,24.942,4.12,96.785,1.663,69.46060417,24.754
20050821,25.099,3.647,96.952,2.012,88.579375,24.94
20050822,25.2,3.403,97.237,2.536,88.1941875,25.119
20050823,25.621,4.992,97.265,1.88,170.0955208,25.295
20050824,24.222,2.67,97.125,1.469,63.62125,24.79
20050825,24.41,7.714,97.229,1.868,131.2570833,24.501
20050826,24.832,6.613,97.36,1.706,119.0807292,24.53
20050827,24.4,2.631,97.352,1.286,84.6990625,24.746
20050828,25.823,5.529,97.308,1.871,101.037875,25.016
20050829,25.799,5.7,97.246,1.6,98.77735417,25.186
20050830,26.622,8.039,96.987,1.625,176.8945833,25.316
20050831,28.451,12.268,96.775,1.683,169.1208333,25.73
20050901,27.776,15.526,96.627,3.026,163.610125,25.625
20050902,26.082,11.818,96.717,1.66,94.05070833,25.055
20050903,24.043,4.182,96.875,1.158,71.9929375,24.708
20050904,22.545,1.271,97.017,1.307,25.52204167,23.564
20050905,24.985,6.623,97.238,1.224,201.6642917,24.044
20050906,26.03,8.614,97.306,1.906,151.0260417,24.547
20050907,26.03,8.907,97.371,1.832,144.9727083,24.802
20050908,25.822,8.419,97.431,1.796,125.3227083,24.882
20050909,24.435,4.451,97.463,1.573,88.1013125,24.836
20050910,25.299,7.456,97.279,1.02,134.7670833,24.6
20050911,27.245,14.444,97.129,1.744,152.9697708,24.819
20050912,27.65,14.026,97.383,2.119,147.4205625,25.026
20050913,26.725,7.645,97.712,2.072,120.4626042,25.356
20050914,27.548,10.448,97.817,1.194,182.5108333,25.572
20050915,27.15,9.031,97.644,1.548,139.3622917,25.753
20050916,27.816,12.732,97.46,1.483,134.080625,25.699
20050917,26.568,9.214,97.529,2.312,134.29075,25.61
20050918,24.912,4.263,97.8,2.943,56.71952083,25.094
20050919,24.66,3.793,97.931,1.387,84.0606875,25.049
20050920,27.082,11.16,97.623,1.644,157.7079167,25.091
20050921,28.595,14.196,97.292,1.467,135.8839583,25.554
20050922,28.72,14.606,97.196,2.885,125.2214167,25.902
20050923,24.582,9.681,97.206,3.77,131.3172917,24.976
20050924,24.505,8.704,97.104,4.478,128.07175,24.46
20050925,23.828,5.812,97.104,3.793,52.30525,23.865
20050926,23.583,3.987,97.394,3.485,39.39864583,23.761
20050927,22.606,1.951,97.785,2.047,5.558041667,23.577
20050928,24.419,4.145,97.8,1.785,83.34566667,23.97
20050929,26.036,7.595,97.675,1.937,157.8977083,24.577
20050930,26.158,6.939,97.662,1.433,59.63895833,24.847
20051001,27.905,12.423,97.538,1.204,149.0703542,25.186
20051002,29.194,15.924,97.221,2.572,142.3647917,25.52
20051003,26.232,12.722,97.231,3.226,133.0881458,25.095
20051004,22.838,9.859,97.671,2.675,148.4022917,23.985
20051005,22.145,8.377,97.748,2.296,158.7316667,23.257
20051006,24.046,8.64,97.71,1.328,154.3397917,23.455
20051007,25.272,10.835,97.727,2.765,143.4917292,23.989
20051008,23.596,11.171,97.852,3.79,150.7752708,23.353
20051009,22.801,12.858,97.952,3.061,118.9895833,22.724
20051010,23.724,13.118,97.883,2.342,138.6028542,22.573
20051011,24.593,12.701,97.835,1.449,140.6977917,22.915
20051012,25.267,10.397,97.698,1.567,103.6154792,23.424
20051013,25.132,8.54,97.669,1.119,94.00766667,23.72
20051014,25.856,12.418,97.708,1.565,122.6266667,23.949
20051015,22.895,7.991,97.869,1.918,95.01739583,23.446
20051016,21.5,7.195,97.887,1.25,94.91379167,22.644
20051017,23.687,8.647,97.99,1.114,101.3039583,22.869
20051018,23.511,8.68,98.119,1.406,120.1510625,23.051
20051019,23.286,7.353,98.094,1.449,88.96960417,23.076
20051020,23.471,11.525,98.067,1.478,108.7064583,22.857
20051021,23.153,11.312,98.071,2.059,100.5804167,22.572
20051022,19.778,8.416,98.315,3.523,105.9745833,21.713
20051023,18.864,7.614,98.312,2.792,118.51,20.99
20051024,18.627,9.902,98.24,1.854,113.8910417,20.356
20051025,20.142,10.211,98.104,0.989,63.67104167,20.32
20051026,21.82,12.13,98.073,1.241,115.4535417,20.793
20051027,23.083,9.59,98.073,1.112,81.92666667,21.394
20051028,25.053,11.626,97.954,1.315,102.82,22.276
20051029,18.189,5.373,98.004,3.896,13.36872917,21.425
20051030,16.926,7.294,98.135,4.085,58.11645833,19.779
20051031,17.735,11.456,98.187,2.863,80.74875,19.136
20051101,18.708,11.272,98.065,1.711,51.1484375,19.088
20051102,20.535,9.849,97.99,1.244,34.0868125,19.676
20051103,23.426,10.623,97.965,1.108,124.6545833,20.871
20051104,23.623,9.946,97.835,1.708,101.9220833,21.522
20051105,23.979,7.412,97.65,2.865,105.20375,22.11
20051106,24.858,6.57,97.598,1.187,48.2175,22.745
20051107,25.521,8.354,97.696,1.049,64.4828125,23.13
20051108,24.62,6.698,97.858,2.237,98.2649375,23.387
20051109,24.38,7.931,97.785,2.261,113.3452708,23.301
20051110,24.207,7.655,97.544,2.418,105.2702083,23.195
20051111,24.495,7.309,97.481,2.028,65.65395833,23.355
20051112,20.629,3.186,97.621,1.527,31.03652083,22.721
20051113,21.869,4.362,97.65,0.989,103.5088333,22.294
20051114,20.871,2.618,97.663,1.765,26.703625,22.311
20051115,17.185,5.052,97.86,3.45,85.8941875,20.937
20051116,15.77,5.748,98.11,2.647,132.542625,19.426
20051117,15.699,5.389,98.26,2.489,89.18195833,18.895
20051118,14.303,4.348,98.527,3.064,82.37566667,18.39
20051119,13.504,4.711,98.625,3.13,68.216875,17.697
20051120,13.247,6.027,98.556,3.519,66.94902083,16.909
20051121,13.913,6.599,98.571,2.98,75.581875,16.724
20051122,14.143,6.986,98.515,2.654,71.41208333,16.494
20051123,15.849,8.07,98.392,2.617,73.19416667,16.75
20051124,16.485,8.215,98.277,1.924,77.140625,17.085
20051125,17.473,8.683,98.146,1.326,69.34595833,17.344
20051126,18.973,9.808,98.05,1.065,63.73808333,17.814
20051127,20.176,10.359,97.969,1.165,61.7501875,18.338
20051128,21.161,9.727,98.033,1.178,75.49995833,19.018
20051129,18.373,7.457,97.942,2.45,59.985625,19.008
20051130,15.875,6.112,97.744,1.461,27.18485417,18.043
20051201,18.536,6.647,97.821,1.016,55.682875,18.201
20051202,19.3,6.131,97.967,1.111,48.12854167,18.795
20051203,18.002,5.134,97.95,1.57,53.75497917,18.739
20051204,12.653,5.333,98.2,3.92,104.602375,17.481
20051205,9.353,5.971,98.515,3.872,19.48954167,15.573
20051206,3.814,1.373,98.76,3.721,20.03875,13.473
20051207,8.198,5.655,98.631,2.59,61.48864583,12.858
20051208,12.077,8.568,98.431,1.548,36.96595833,13.629
20051209,14.755,9.444,98.154,1.109,45.66116667,14.682
20051210,16.503,8.172,98.008,0.898,67.5061875,15.691
20051211,13.525,5.079,98.335,3.934,94.56647917,15.969
20051212,10.648,4.995,98.577,3.899,70.88816667,14.795
20051213,10.486,6.086,98.592,3.153,95.42935417,14.27
20051214,10.928,8.421,98.76,3.774,75.53760417,13.851
20051215,9.769,7.505,98.865,3.518,50.3150625,13.213
20051216,10.685,8.577,98.704,1.921,55.44016667,12.958
20051217,12.459,10.646,98.81,3.589,57.474375,13.336
20051218,9.949,9.189,98.658,2.839,47.4333125,12.806
20051219,10.622,9.043,98.392,1.589,46.73625,12.546
20051220,12.922,10.405,98.408,2.099,45.86785417,12.967
20051221,10.914,9.4,98.938,5.113,29.47941667,12.951
20051222,9.561,9.449,98.771,3.066,47.94902083,12.186
20051223,11.354,10.295,98.315,1.334,59.853125,12.266
20051224,15.042,11.388,98.177,0.816,52.73539583,13.257
20051225,15.991,8.959,98.165,1.077,19.88435417,14.519
20051226,16.1,8.577,98.242,1.493,48.51758333,15.046
20051227,12.205,2.695,98.4,1.938,27.91995833,14.826
20051228,10.669,0.683,98.358,1.352,18.2154375,14.146
20051229,12.876,2.398,98.281,1.965,95.49491667,14.437
20051230,13.208,2.423,98.2,1.183,51.22320833,14.698
20051231,15.944,2.941,98.24,1.335,79.19661702,15.558
