TIMESTAMP,TA_F_MDS,VPD_F,PA_F,WS_F,NETRAD,TS_F_MDS_1
20030101,-14.155,1.608,67.466,1.65,-23.931,-9.097
20030102,-14.566,1.841,67.788,2.812,-11.9273125,-9.707
20030103,-14.536,1.861,67.853,2.115,-5.622083333,-9.63
20030104,-14.665,1.683,67.923,1.546,6.97825,-9.226
20030105,-14.556,1.709,68.01,1.701,3.0136875,-9.158
20030106,-14.955,1.64,67.729,2.049,18.58702333,-9.428
20030107,-15.23,1.742,67.605,1.555,5.542291667,-9.677
20030108,-13.875,1.661,67.571,1.524,9.305833333,-9.327
20030109,-13.852,1.376,67.861,1.933,14.30104167,-8.76
20030110,-16.86,1.081,67.903,1.597,4.352255319,-9.482
20030111,-17.282,0.991,67.851,2.05,-5.438085106,-10.282
20030112,-16.35,1.605,67.715,1.751,-0.794791667,-10.636
20030113,-15.956,1.767,67.663,1.622,2.080833333,-10.614
20030114,-15.17,1.562,67.814,1.772,7.934659574,-9.969
20030115,-12.431,2.148,67.687,1.847,7.919791667,-9.54
20030116,-10.086,2.053,67.733,1.838,-10.26489362,-8.765
20030117,-10.152,1.935,67.912,1.752,13.0443125,-8.389
20030118,-8.814,2.433,68.207,2.171,7.681416667,-7.415
20030119,-8.628,2.648,67.939,2.021,0.806916667,-7.48
20030120,-10.539,2.407,67.686,1.63,16.52791667,-7.545
20030121,-9.035,2.444,67.498,3.487,14.25208333,-6.91
20030122,-12.303,2.337,67.54,1.875,4.214583333,-7.789
20030123,-13.327,2.008,67.035,1.466,16.308125,-8.309
20030124,-12.976,1.584,66.829,1.678,16.07645833,-7.849
20030125,-13.536,0.633,66.932,1.945,4.368125,-8.111
20030126,-16.608,1.012,67.6,4.432,38.8579375,-8.915
20030127,-18.629,1.258,67.606,2.167,17.66104167,-10.455
20030128,-17.208,1.562,67.512,1.657,23.83210417,-10.187
20030129,-13.127,1.882,67.229,1.429,27.87291667,-9.595
20030130,-12.319,1.707,67.109,1.941,17.49083333,-8.637
20030131,-12.957,2.047,67.439,2.076,23.55720833,-8.767
20030201,-14.101,1.65,67.607,1.71,21.44304167,-8.666
20030202,-11.357,1.904,67.903,2.539,39.90416667,-8.122
20030203,-12.15,2.063,68.15,1.494,34.05354167,-7.103
20030204,-12.549,1.183,67.981,1.552,55.48725,-7.324
20030205,-12.643,1.365,67.81,2.184,76.00447917,-6.66
20030206,-11.241,2.334,67.414,2.127,31.29958333,-7.363
20030207,-8.337,2.814,66.813,2.576,25.1775,-6.58
20030208,-9.226,2.355,66.723,1.786,29.5331875,-6.196
20030209,-10.503,0.903,67.027,2.463,54.84358333,-5.606
20030210,-13.39,1.045,67.357,2.049,25.33222917,-7.166
20030211,-14.943,1.159,67.543,2.635,23.14916667,-8.525
20030212,-14.579,1.547,67.402,1.601,54.26645833,-8.343
20030213,-12.202,1.965,67.105,1.99,51.45166667,-7.179
20030214,-11.823,1.605,67.096,1.515,43.596875,-6.461
20030215,-9.865,1.208,67.087,2.01,66.85783333,-5.597
20030216,-10.844,2.068,67.161,3.015,20.25208333,-6
20030217,-9.533,2.73,67.328,1.574,41.5825,-6.176
20030218,-5.792,3.694,67.584,1.529,52.41708333,-4.972
20030219,-3.549,3.89,67.185,1.511,42.5625,-3.972
20030220,0.06,4.498,66.496,1.758,17.98291667,-2.696
20030221,-5.77,1.38,67.126,1.907,29.71979167,-2.794
20030222,-9.81,1.089,67.185,2.023,41.5904375,-3.902
20030223,-12.277,1.536,67.334,1.604,58.61458333,-5.253
20030224,-7.838,2.224,67.229,1.748,55.67360625,-4.423
20030225,-7.45,2.013,67.354,1.357,74.6806375,-3.294
20030226,-7.266,2.25,67.111,1.88,49.45297,-3.541
20030227,-9.349,1.867,67.247,1.353,32.21815083,-3.755
20030228,-8.864,2.675,67.131,1.931,83.25562854,-3.913
20030301,-4.742,3.221,67.083,1.387,55.96900292,-3.82
20030302,-6.13,2.327,67.091,1.301,87.51506854,-4.23
20030303,-6.39,2.484,66.714,1.848,98.1911625,-4.372
20030304,-7.427,1.778,66.445,1.63,63.95494188,-4.223
20030305,-13.183,0.454,66.971,1.316,26.54270021,-4.043
20030306,-14.497,0.963,67.337,1.818,82.83089583,-4.285
20030307,-13.605,0.687,67.587,1.38,111.0205208,-4.946
20030308,-13.323,0.626,67.596,1.272,99.6855625,-4.671
20030309,-10.928,2.041,67.263,1.753,114.9910417,-4.655
20030310,-6.364,2.425,67.253,1.879,89.5516875,-3.6
20030311,-10.927,0.898,67.69,1.299,94.43289583,-2.671
20030312,-8.47,1.627,67.512,2.091,97.33291667,-3.63
20030313,-7.55,1.15,67.453,1.498,74.4095,-2.486
20030314,-5.738,1.701,67.007,1.571,75.65725,-1.857
20030315,-4.865,2.776,66.586,2.677,83.68264583,-2.165
20030316,-5.878,1.115,67.14,2.145,72.293,-1.634
20030317,-5.61,1.186,67.499,1.477,115.540766,-0.977
20030318,-6.848,0.39,67.839,1.114,47.95954167,-0.693
20030319,-5.665,1.869,67.771,1.667,128.3609792,-0.738
20030320,-6.462,2.524,67.661,1.829,108.2152083,-1.508
20030321,-6.312,1.106,67.694,1.838,36.63083333,-1.122
20030322,-6.751,2.043,67.823,2.019,118.0369792,-2.077
20030323,-4.893,3.196,67.962,2.755,95.7106875,-2.433
20030324,-1.982,4.448,67.732,1.82,104.2916667,-2.173
20030325,-0.509,4.117,67.652,2.729,112.2663333,-0.807
20030326,-1.559,2.376,68.022,1.736,127.126,-0.413
20030327,-1.547,2.709,68.004,1.936,39.08233333,-0.286
20030328,1.463,5.396,67.636,1.724,131.2239583,-0.289
20030329,4.53,7.67,67.228,1.878,108.3822917,0.177
20030330,4.475,6.316,67.229,2.455,112.8939583,0.838
20030331,0.034,1.731,67.46,1.988,33.9700625,0.065
20030401,-2.999,2.055,67.577,2.069,135.7998125,0.349
20030402,-0.56,2.666,67.43,1.749,114.0266383,1.138
20030403,-2.014,1.636,67.324,1.546,110.95325,0.85
20030404,0.467,1.887,67.551,1.351,139.80675,1.877
20030405,1.537,1.998,67.488,2.66,138.4423958,2.22
20030406,-4.005,0.863,67.664,1.883,120.8539583,0.855
20030407,-0.587,2.874,67.781,1.83,141.1552917,1.46
20030408,1.045,4.012,67.687,1.643,83.11229167,0.802
20030409,-1.282,3.09,67.288,2.378,72.672125,0.373
20030410,-4.989,3.135,67.408,2.319,94.80166667,-0.158
20030411,-1.349,4.266,67.342,3.328,113.9800625,-0.208
20030412,-6.933,1.063,67.67,2.414,32.4283125,-0.224
20030413,-7.569,2.015,67.829,1.91,142.684875,-0.269
20030414,0.296,5,67.486,2.019,137.1304375,-0.301
20030415,5.822,8.071,67.189,2.01,125.1799583,1.075
20030416,8.726,9.023,67.237,2.377,122.7235625,3.63
20030417,0.304,2.387,67.71,2.567,36.97797917,1.782
20030418,0.122,3.805,67.768,1.986,147.6469464,2.501
20030419,5.286,6.54,67.318,2.392,102.8715833,2.402
20030420,3.363,3.611,67.18,2.247,130.795625,3.794
20030421,4.314,3.391,67.414,2.806,118.3479167,4.185
20030422,-0.234,2.18,67.891,1.646,143.8475625,3.017
20030423,-3.445,1.34,67.975,2.483,125.4197917,1.153
20030424,-1.309,2.858,67.645,1.498,176.0306458,1.644
20030425,2.812,3.114,67.675,1.947,153.1721875,3.643
20030426,1.927,1.366,67.993,0.872,87.8083125,3.92
20030427,2.642,2.502,68.016,1.54,130.7920417,4.298
20030428,-0.952,1.884,68.374,2.496,77.03395556,3.02
20030429,-0.141,3.42,68.877,2.356,178.9203333,2.784
20030430,3.262,6.093,68.343,1.963,183.0272292,4.101
20030501,4.833,7.137,67.554,2.232,150.5470625,4.968
20030502,6.314,6.938,67.42,2.116,132.1367083,5.562
20030503,6.028,7.011,67.166,2.144,151.4566875,5.892
20030504,5.343,3,66.911,2.57,90.1584375,5.448
20030505,0.04,1.465,67.277,1.548,73.23214583,3.636
20030506,0.341,2.186,67.705,2.646,171.8019792,3.214
20030507,-0.119,2.284,68.085,1.858,96.65020833,2.815
20030508,-0.468,0.689,68.178,2.077,93.1754375,2.725
20030509,-0.325,2.567,68.263,2.019,185.8088958,3.457
20030510,2.442,4.29,67.934,1.798,181.79125,4.173
20030511,4.386,5.204,67.742,1.845,158.1683333,4.753
20030512,3.207,2.675,67.817,2.639,99.83991667,4.339
20030513,-1.335,0.734,67.853,1.384,113.3717917,2.27
20030514,-0.794,0.304,67.835,1.154,55.52039583,2.023
20030515,2.17,1.541,67.82,2.377,146.2354375,3.626
20030516,1.004,1.85,67.83,1.476,172.6028085,3.853
20030517,-0.293,0.932,68,1.331,78.32191667,3.583
20030518,0.355,2.888,68.124,1.767,180.719875,4.083
20030519,2.658,4.057,68.079,1.7,164.13425,4.493
20030520,2.854,2.196,68.058,1.585,122.650625,5.366
20030521,2.024,2.803,68.161,1.755,154.0965833,4.368
20030522,-0.225,0.756,67.996,0.944,54.2991875,2.164
20030523,2.102,2.397,68.007,1.809,180.1290213,3.585
20030524,4.667,4.277,67.801,1.701,150.9499375,5.071
20030525,5.225,2.58,67.665,1.44,61.67677083,5.038
20030526,5.863,3.128,67.607,2.201,169.8098125,6.594
20030527,6,5.226,67.695,2.313,246.7735208,7.186
20030528,7.287,5.556,67.774,1.728,195.5238333,8.355
20030529,9.064,3.929,67.747,1.777,128.4395833,9.293
20030530,8.393,2.879,67.948,1.478,87.87685417,8.961
20030531,8.586,5.914,68.326,2.408,207.6039583,8.573
20030601,8.696,5.927,68.278,2.607,179.6943333,10.083
20030602,8.043,7.561,68.191,2.674,197.1468333,9.599
20030603,7.213,5.704,68.129,1.865,146.0035417,9.843
20030604,6.656,3.848,68.196,1.825,92.19997917,8.848
20030605,5.75,2.381,68.22,1.624,136.097875,8.152
20030606,6.28,2.881,67.869,1.692,182.1869167,8.378
20030607,4.028,0.544,67.95,1.07,39.5888375,7.364
20030608,7.018,3.896,67.851,2.695,202.6374354,8.226
20030609,6.465,3.38,68.056,2.049,163.2280646,8.505
20030610,3.038,0.878,68.123,1.397,113.9675417,7.472
20030611,4.983,4.115,67.9,1.784,206.9335708,7.518
20030612,5.777,5.573,67.899,1.948,202.1658563,8.333
20030613,5.446,6.144,68.163,1.985,201.3541979,9.623
20030614,7.2,5.86,68.116,1.872,192.3116667,10.542
20030615,7.582,5.513,68.071,2.335,196.073125,11.216
20030616,5.78,2.433,68.12,1.868,131.6484375,10.352
20030617,5.839,2.374,68.241,1.746,156.3812609,9.453
20030618,7.648,3.728,68.153,2.012,211.8639583,10.841
20030619,7.44,4.236,67.812,1.904,169.3384167,11.188
20030620,8.155,4.85,67.643,2.092,187.905,11.002
20030621,5.343,1.643,67.82,1.7,51.04429167,9.46
20030622,8.876,4.181,67.918,1.496,249.7768523,10.033
20030623,10.462,4.359,67.832,1.808,183.0646042,12.206
20030624,11.377,4.895,67.557,2.158,164.236625,13.694
20030625,5.918,1.91,67.614,2.426,156.2431667,10.876
20030626,5.298,2.259,67.839,1.672,173.071875,9.866
20030627,7.229,4.299,67.81,1.843,214.161625,9.789
20030628,6.967,1.961,67.61,1.607,135.3975,10.584
20030629,6.414,2.82,67.627,2.051,199.8670625,10.129
20030630,8.818,4.959,67.669,1.62,218.090625,10.462
20030701,9.274,4.209,67.87,1.21,102.2407915,11.059
20030702,6.469,2.044,68.165,1.054,102.2928606,10.564
20030703,8.416,2.849,68.18,0.946,162.8099144,10.294
20030704,6.334,2.06,68.059,1.203,112.1130335,10.113
20030705,5.702,3.229,68.099,1.805,211.5148458,10.074
20030706,8.034,4.813,67.973,1.695,225.94725,10.56
20030707,6.779,1.754,67.95,1.229,118.3106042,11.196
20030708,7.386,3.593,67.812,1.593,203.2909583,10.458
20030709,7.508,3.28,67.704,1.575,136.9942083,10.079
20030710,6.471,1.224,67.575,1.244,86.1461875,9.143
20030711,7.951,2.527,67.639,2.158,72.48539583,9.538
20030712,5.633,1.26,67.717,1.16,62.79989583,7.956
20030713,9.258,2.915,67.779,1.443,178.4810208,11.005
20030714,7.105,1.539,67.808,1.343,82.44633333,9.963
20030715,8.737,1.686,67.985,1.091,86.03725,10.66
20030716,7.129,2.402,68.2,1.623,168.2142083,10.202
20030717,9.303,5.664,68.227,1.755,227.2508542,10.641
20030718,8.775,2.771,68.218,1.249,86.00847917,11.438
20030719,8.372,3.514,68.126,1.57,200.7709583,11.657
20030720,6.067,2.557,67.993,1.604,138.1221458,9.978
20030721,6.841,3.085,67.97,1.654,123.9138958,9.034
20030722,6.581,2.512,67.945,1.49,117.110875,9.712
20030723,7.82,3.787,67.83,1.519,159.2155417,9.89
20030724,9.889,4.614,67.758,1.711,205.4332292,11.702
20030725,13.427,4.5,67.853,1.445,177.5699792,13.972
20030726,9.195,0.889,68.025,1.527,29.61116667,12.047
20030727,11.349,3.603,68.129,1.433,226.2377708,14.036
20030728,13.086,5.788,68.021,1.705,200.0047917,15.453
20030729,8.664,1.577,67.886,2.009,39.0605625,12.962
20030730,8.413,0.169,67.92,0.915,37.06360417,10.778
20030731,8.372,1.772,67.96,1.001,121.4770417,11.053
20030801,9.588,2.031,68.108,1.507,157.4289792,12.637
20030802,8.476,2.466,68.202,1.341,169.0025417,12.316
20030803,9.397,3.872,68.147,1.135,223.2390417,12.523
20030804,11.328,4.016,67.996,1.463,119.2828542,13.333
20030805,12.025,3.243,68.088,1.502,181.2628125,14.553
20030806,13.02,2.936,68.068,1.47,180.6030417,15.852
20030807,10.914,1.166,68.086,1.436,76.65820833,14.694
20030808,10.055,2.686,68.066,1.702,205.9532292,13.276
20030809,7.684,0.465,68.05,1.54,27.96325,11.883
20030810,5.166,1.39,68.235,1.35,115.9953958,10.635
20030811,6.638,1.505,68.178,0.915,95.7848125,10.436
20030812,8.433,3.025,68.193,1.739,133.2774583,11.087
20030813,9.037,2.67,68.039,1.218,185.8733333,12.618
20030814,7.624,1.713,67.956,2.173,91.05727083,11.803
20030815,6.034,4.155,68.265,1.323,198.1176667,10.766
20030816,7.645,3.637,68.244,1.509,191.2872917,11.913
20030817,6.677,3.076,68.319,1.258,153.7502917,11.076
20030818,8.656,5.079,68.128,1.352,189.6661667,11.672
20030819,9.232,5.343,67.721,1.85,149.5347917,12.291
20030820,10.673,3.213,67.746,1.981,148.2317083,13.235
20030821,9.013,2.529,67.998,1.847,142.834625,13.098
20030822,11.611,3.183,68.251,1.039,178.2550417,13.999
20030823,12.45,2.813,68.401,1.398,138.2779375,14.865
20030824,10.973,1.65,68.337,1.068,91.16066667,14.105
20030825,8.712,0.653,68.079,0.855,52.48139583,12.437
20030826,9.818,4.934,68.074,1.972,190.3102292,12.054
20030827,8.895,2.769,68.056,1.488,127.7369583,12.171
20030828,9.066,1.407,68.118,1.387,88.28325,12.325
20030829,8.596,2.858,68.187,1.592,129.8446458,11.792
20030830,7.95,1.511,68.124,1.062,106.1232708,11.637
20030831,3.549,0.373,68.078,1.218,54.79552083,9.05
20030901,5.368,2.786,68.341,1.228,187.182125,9.064
20030902,5.685,2.45,68.356,1.185,174.3939574,10.971
20030903,3.315,0.822,68.201,1.194,40.4371875,8.872
20030904,3.966,3.198,68.265,1.072,185.5278125,7.597
20030905,4.105,1.407,68.27,1.645,73.85420833,8.268
20030906,4.699,1.981,68.332,1.285,122.1705417,8.724
20030907,4.023,2.065,68.276,1.747,139.9661458,7.888
20030908,3.863,2.643,68.481,1.205,152.1285745,7.887
20030909,4.859,4.162,68.355,1.724,134.5139583,7.728
20030910,6.256,5.434,68.15,1.72,150.8427083,8.586
20030911,5.722,3.212,68.17,1.716,115.97875,9.219
20030912,5.816,3.407,68.216,1.554,153.5257234,9.12
20030913,7.207,4.814,68.217,1.493,152.019375,9.97
20030914,8.427,5.493,68.078,1.664,124.3339583,10.546
20030915,9.648,5.655,68.119,2.27,147.7391667,10.897
20030916,7.893,2.13,68.006,1.864,121.0082292,11.407
20030917,6.907,1.475,68.299,1.15,128.2944468,10.926
20030918,5.813,0.498,68.462,1.523,47.04627083,10.083
20030919,2.904,1.152,68.563,1.235,109.4580208,7.897
20030920,4.359,3.03,68.637,1.611,148.173,8.117
20030921,3.852,3.244,68.507,1.603,106.0019167,7.441
20030922,3.514,3.299,68.344,1.426,137.714234,7.403
20030923,3.551,4.153,68.187,1.552,96.70895833,6.77
20030924,5.445,4.035,68.075,1.704,97.81527083,7.026
20030925,7.169,2.324,68.078,1.669,94.29820833,9.101
20030926,5.516,2.317,68.104,2.187,106.009,8.434
20030927,5.267,1.104,67.892,1.444,57.50860417,8.685
20030928,7.795,2.757,67.84,1.775,161.1287292,9.962
20030929,1.112,0.123,68.191,1.229,24.14233333,6.912
20030930,0.827,0.338,68.106,0.867,39.18733333,5.437
20031001,1.838,0.752,68.219,1.176,78.95104167,5.481
20031002,1.219,0.898,68.364,0.609,73.559625,5.591
20031003,2.692,1.608,68.463,1.05,102.5504792,6.321
20031004,0.822,1.109,68.502,1.09,96.46952083,5.95
20031005,1.426,2.082,68.421,1.021,67.24145652,6.316
20031006,0.924,3.701,68.124,1.756,84.43620833,4.488
20031007,2.566,4.407,67.886,1.883,80.4578125,4.261
20031008,2.516,3.452,67.715,1.627,54.96895833,4.238
20031009,3.885,2.484,67.859,1.915,85.08660417,5.487
20031010,1.847,0.931,67.634,1.803,48.3375625,5.619
20031011,-1.413,0.198,67.89,1.414,32.08816667,3.832
20031012,-1.92,0.175,68.099,1.638,40.904,2.979
20031013,-0.074,1.521,68.454,1.6,87.59513333,4.269
20031014,2.01,2.58,68.627,1.712,83.07025532,5.32
20031015,1.151,3.259,68.559,1.71,90.538125,4.828
20031016,0.876,2.752,68.431,1.273,89.51416667,4.115
20031017,2.501,2.782,68.368,1.292,68.8073125,5.079
20031018,1.845,2.094,68.217,1.785,81.40610417,5.556
20031019,-4.53,1.594,68.402,2.065,63.03879167,3.936
20031020,-2.859,3.346,68.218,1.997,55.95625,1.566
20031021,-3.087,2.986,68.265,1.679,66.03645833,1.266
20031022,-2.869,2.575,68.357,1.329,55.415,1.071
20031023,-0.896,3.304,68.248,1.668,67.61395833,1.244
20031024,-1.593,2.004,68.223,1.456,51.80828261,1.757
20031025,-2.726,2.738,68.431,1.633,96.84420833,2.261
20031026,-1.694,3.914,68.238,2.209,52.41333333,0.973
20031027,-2.23,3.39,68.512,1.505,47.56847917,0.764
20031028,-2.262,1.578,68.485,1.49,6.4605,0.435
20031029,0.113,3.959,68.778,2.718,48.32583333,0.662
20031030,-2.663,3.58,68.509,2.031,41.09889583,0.323
20031031,-3.14,3.251,68.07,1.661,45.72895833,0.146
20031101,-1.051,3.987,67.777,2.356,16.52295652,0.075
20031102,-3.13,3.103,68.131,2.151,44.28783333,0.005
20031103,-3.854,2.538,68.02,1.365,12.391375,-0.08
20031104,-0.425,3.596,67.707,1.905,33.18083333,-0.149
20031105,-0.286,3.891,67.326,1.772,36.15520833,-0.147
20031106,-2.54,1.027,67.406,1.728,0.141041667,-0.105
20031107,-4.322,0.564,67.702,2.093,70.5134375,-0.103
20031108,-5.338,0.717,67.603,1.072,56.74325,-0.091
20031109,-5.422,1.061,67.726,1.95,6.05687234,-0.089
20031110,-7.218,1.466,68.003,1.552,62.85291667,-0.348
20031111,-9.783,1.034,68.197,2.214,36.1731875,-0.284
20031112,-10.609,1.612,67.925,1.508,19.43791667,-0.372
20031113,-6.467,2.879,67.704,1.76,16.25791667,-0.559
20031114,-4.404,2.68,67.994,1.722,18.52802128,-0.777
20031115,-4.443,1.652,67.948,1.171,54.48445833,-0.821
20031116,-2.983,1.621,67.699,1.811,-6.122066667,-0.441
20031117,-4.234,1.876,67.477,1.333,48.18166667,-0.795
20031118,-4.447,1.548,67.286,1.336,57.08454167,-0.844
20031119,-4.727,0.475,67.64,0.882,6.050104167,-0.513
20031120,-7.204,1.59,67.903,2.186,26.93978261,-0.745
20031121,-10.905,1.53,68.032,1.415,24.46166667,-1.687
20031122,-9.787,1.65,67.72,1.359,4.421041667,-2.143
20031123,-7.807,2.047,67.912,1.701,8.603125,-2.175
20031124,-9.116,1.96,68.109,1.71,5.5763125,-2.826
20031125,-10.596,1.131,68.353,2.111,-5.042333333,-3.06
20031126,-13.119,1.288,68.139,1.402,29.5715,-4.005
20031127,-12.321,1.201,67.662,1.439,-0.869354167,-4.138
20031128,-12.98,1.282,67.942,1.33,24.71863636,-4.044
20031129,-11.592,2.092,67.521,1.46,2.054791667,-5.04
20031130,-9.779,1.981,67.39,1.969,-9.171354167,-4.806
20031201,-11.591,1.646,67.683,1.643,11.17595833,-4.769
20031202,-10.835,1.944,67.669,1.845,6.092166667,-5.034
20031203,-9.689,1.761,67.315,1.348,13.84402083,-4.805
20031204,-9.307,1.601,67.282,1.923,-12.98687234,-4.153
20031205,-11.928,1.794,67.665,1.884,-3.0625,-5.441
20031206,-14.336,1.488,67.77,1.79,2.274208333,-6.066
20031207,-13.082,1.413,67.912,1.209,17.8139375,-5.844
20031208,-13.905,1.255,67.684,1.507,20.46893617,-5.799
20031209,-10.702,1.617,67.704,1.957,11.79402083,-5.438
20031210,-12.528,1.664,67.955,1.838,0.528854167,-5.919
20031211,-12.924,1.535,67.892,1.433,5.676875,-6.136
20031212,-10.059,2.103,67.995,2.123,-1.722625,-5.735
20031213,-11.27,1.958,67.991,1.442,2.45475,-5.778
20031214,-10.697,2.001,67.786,1.388,4.473979167,-5.697
20031215,-9.217,1.912,67.873,1.738,0.77,-5.271
20031216,-12.4,1.127,67.702,1.317,27.7173125,-5.558
20031217,-13.698,0.643,67.497,1.252,33.86766667,-5.89
20031218,-15.569,0.578,68.213,1.399,10.44973333,-5.032
20031219,-16.517,0.673,68.172,1.412,46.3265,-6.21
20031220,-13.977,0.877,67.953,1.3,8.620717391,-6.339
20031221,-13.76,0.529,67.927,1.224,15.62170833,-6.665
20031222,-12.819,1.044,67.697,1.424,25.79397826,-6.488
20031223,-13.053,1.672,67.787,2.021,-7.675416667,-7.181
20031224,-13.504,1.367,67.937,2.193,1.883270833,-7.178
20031225,-16.361,1.145,67.869,1.381,9.561666667,-7.786
20031226,-15.324,1.095,67.644,1.354,6.837291667,-7.991
20031227,-12.998,1.131,67.557,1.29,6.712083333,-7.788
20031228,-12.793,0.789,67.792,1.427,-2.941458333,-7.171
20031229,-11.839,0.749,67.719,0.66,47.49551064,-6.324
20031230,-15.741,0.881,67.688,1.588,15.20273171,-7.224
20031231,-12.499,1.063,67.618,1.394,39.89239583,-7.132
20040101,-16.817,0.848,67.703,2.341,-4.716416667,-6.237
20040102,-18.851,0.806,67.383,1.337,5.404375,-7.723
20040103,-17.019,0.897,67.333,1.383,15.035625,-7.941
20040104,-15.083,0.989,67.427,1.469,16.92729167,-7.909
20040105,-11.565,1.257,67.551,1.522,27.09729167,-6.992
20040106,-12.113,1.604,67.653,1.556,10.925625,-7.48
20040107,-13.223,1.343,67.521,1.567,10.543,-7.508
20040108,-10.794,1.937,67.587,1.888,13.24145833,-7.419
20040109,-13.291,1.588,67.511,1.525,-9.200666667,-7.871
20040110,-13.656,1.097,67.675,1.44,14.24758333,-8.238
20040111,-14.139,0.953,67.718,1.878,9.318541667,-8.349
20040112,-14.832,1.605,67.735,1.668,6.555416667,-9.063
20040113,-11.845,1.834,67.146,1.727,21.9809375,-8.544
20040114,-10.593,0.743,67.143,1.571,43.0533125,-6.62
20040115,-14.718,0.462,67.131,1.181,70.4186875,-6.223
20040116,-15.176,1.131,67.028,1.532,11.50875,-7.088
20040117,-13.118,1.006,67.084,1.582,18.1085625,-7.145
20040118,-17.744,0.512,67.274,1.295,47.00377083,-7.59
20040119,-15.832,0.755,67.291,1.528,67.19552083,-7.942
20040120,-16.124,0.7,67.449,1.614,82.93941667,-7.246
20040121,-20.853,0.698,67.308,1.52,29.9710625,-8.383
20040122,-19.113,0.985,67.283,2.305,7.883125,-9.126
20040123,-17.203,1.277,67.637,3.314,-2.028270833,-9.323
20040124,-18.689,1.009,67.308,1.429,17.34833333,-9.596
20040125,-15.553,1.307,67.019,1.413,19.12816667,-9.125
20040126,-13.524,1.372,67.329,1.597,14.95770833,-8.73
20040127,-15.494,1.215,67.16,1.379,26.65479167,-8.617
20040128,-14.605,0.79,66.851,1.293,17.935125,-8.905
20040129,-14.168,1.118,66.716,1.456,86.40016667,-8.303
20040130,-10.575,1.554,66.9,1.901,17.87520833,-7.741
20040131,-12.955,0.655,66.971,1.059,60.02170833,-7.519
20040201,-16.952,0.261,66.916,0.837,31.04797917,-8.582
20040202,-18.815,0.362,67.09,1.888,86.33670833,-8.646
20040203,-21.864,0.596,67.016,1.943,38.05054167,-9.19
20040204,-20.279,0.772,67.128,2.241,19.36270833,-9.695
20040205,-21.366,0.756,67.408,1.992,35.6146875,-10.038
20040206,-21.695,0.81,67.589,1.423,38.97791667,-10.22
20040207,-20.419,0.886,67.68,1.459,40.4495,-10.12
20040208,-18.156,1.129,67.343,1.492,40.448125,-9.797
20040209,-14.505,1.396,67.542,1.395,41.61145833,-8.858
20040210,-11.674,1.534,67.63,1.723,44.27041667,-7.957
20040211,-10.588,1.861,68.103,1.74,44.90958333,-7.151
20040212,-11.85,1.753,68.347,2.942,44.210625,-7.533
20040213,-7.91,2.963,67.81,2.017,38.22166667,-7.189
20040214,-9.206,2.372,67.475,1.556,47.805,-6.187
20040215,-8.979,1.785,67.546,2.833,21.2175,-6.003
20040216,-10.641,1.464,67.94,1.362,67.2943125,-6.107
20040217,-8.474,2.455,67.515,1.806,48.67691667,-5.987
20040218,-6.054,3.306,67.004,1.56,57.05041667,-5.109
20040219,-5.232,2.788,66.923,1.931,36.46304167,-4.105
20040220,-7.931,1.363,67.567,1.814,61.76083333,-3.762
20040221,-11.536,1.682,67.66,1.698,45.42110417,-5.276
20040222,-12.152,1.53,67.552,1.652,53.42422917,-5.752
20040223,-10.652,1.013,67.557,1.639,41.44883333,-5.679
20040224,-14.226,1.136,67.527,1.933,55.74361702,-6.649
20040225,-10.957,1.793,67.502,2.158,22.466,-7.321
20040226,-9.678,2.043,67.462,1.505,78.41395833,-6.117
20040227,-5.866,2.606,67.175,2.262,41.4889375,-4.531
20040228,-7.659,2.333,67.16,2.03,75.85145833,-4.481
20040229,-9.032,0.545,67.176,1.242,89.9497234,-3.762
20040301,-13.322,0.467,67.132,1.241,91.13232558,-4.6
20040302,-15.61,0.917,67.427,3.186,85.86922917,-5.167
20040303,-14.334,1.595,67.487,2.526,74.3949375,-6.593
20040304,-12.251,1.864,67.308,3.754,72.84666667,-7.134
20040305,-10.121,2.403,67.656,3.032,65.17766667,-6.974
20040306,-9.495,2.391,67.974,1.855,90.30472917,-5.785
20040307,-10.684,1.146,68.206,1.432,54.87383333,-4.513
20040308,-4.976,3.401,68.241,1.916,84.04520833,-4.566
20040309,2.279,5.714,67.514,2.417,54.16229167,-2.47
20040310,-2.408,2.091,67.47,1.468,46.23416667,-1.6
20040311,-4.842,0.952,67.56,1.894,105.2069583,-1.444
20040312,-4.954,2.231,67.521,2.105,59.71716667,-2.001
20040313,-3.495,3.255,67.93,2.659,71.20729167,-2.663
20040314,-1.659,4.596,67.888,1.846,69.0980625,-2.307
20040315,0.816,5.253,67.595,2.52,25.11647917,-1.379
20040316,-1.288,3.636,67.504,2.484,50.38045833,-1.444
20040317,-2.891,1.236,67.64,1.678,73.73479167,-0.835
20040318,-0.861,2.721,67.691,1.668,93.38727083,-0.81
20040319,-1.148,1.744,67.724,1.912,91.392625,-0.452
20040320,-5.259,0.413,67.413,2.474,72.57516667,-0.376
20040321,-7.523,1.04,67.318,1.38,99.29670833,-0.409
20040322,-2.892,1.646,67.489,1.234,132.0372917,-0.436
20040323,-3.207,1.104,67.222,1.548,111.993625,-0.35
20040324,-5.851,0.515,67.406,1.196,89.8383125,-0.303
20040325,-3.443,1.724,67.416,1.514,119.58625,-0.274
20040326,-2.33,1.222,67.366,1.244,111.1311458,-0.254
20040327,-2.279,1.928,67.58,1.578,110.6092708,-0.222
20040328,-1.924,2.677,67.709,2.689,93.94229167,-0.182
20040329,-4.158,2.932,67.934,2.306,102.9647917,-0.199
20040330,-3.168,3.121,67.646,1.689,115.250625,-0.206
20040331,-4.564,2.313,67.606,3.777,64.45791667,-0.211
20040401,-1.231,4.462,67.946,3.106,114.9179167,-0.573
20040402,-0.709,4.394,68.121,2.062,133.1897917,-0.428
20040403,-0.437,4.689,68.278,1.781,125.3097917,-0.313
20040404,2.136,5.68,67.844,3.103,128.1577083,-0.175
20040405,1.525,4.295,67.886,1.912,86.0626875,-0.075
20040406,-3.867,1.916,68.025,2.71,76.49495833,-0.172
20040407,-5.108,2.13,68.302,1.51,159.550375,-0.188
20040408,-2.851,3.198,67.822,1.388,129.2621458,-0.106
20040409,-0.067,4.74,67.481,2.705,134.8616458,0.044
20040410,1.007,4.848,67.638,2.049,130.3296875,0.541
20040411,-0.638,1.966,67.801,1.691,99.68760417,0.671
20040412,-4.698,0.2,68.007,1.019,11.96675,-0.159
20040413,-7.163,0.485,68.089,1.196,71.67497917,-0.197
20040414,-7.634,1.524,68.124,1.65,112.1543958,-0.205
20040415,-5.863,1.934,68.058,1.534,138.7458333,-0.178
20040416,-3.202,2.339,67.927,1.544,158.7507083,0.343
20040417,-1.474,2.846,67.687,1.686,165.8497917,1.202
20040418,1.819,4.863,67.731,1.874,158.6840208,2.098
20040419,4.007,5.936,67.745,2.07,143.5214375,2.335
20040420,7.172,7.856,67.866,2.475,149.3815625,3.338
20040421,4.962,6.063,68.017,2.667,120.7639583,2.607
20040422,4.319,3.521,67.924,1.664,120.2230208,3.324
20040423,5.267,4.272,67.837,1.572,196.2653125,4.824
20040424,7.002,6.235,67.516,2.52,162.4795833,4.919
20040425,2.247,3.072,67.957,3.527,117.2618333,3.581
20040426,4.945,6.046,68.204,2.017,154.2445625,3.73
20040427,6.133,7.439,67.78,1.889,161.80475,5.527
20040428,6.891,7.888,67.577,2.327,150.7757292,5.724
20040429,3.853,2.832,67.793,2.1,103.5653958,5.237
20040430,5.723,3.82,67.572,1.003,192.3335208,6.561
20040501,3.852,1.763,67.563,2.826,37.35172917,5.157
20040502,-4.812,0.851,67.967,2.025,96.11254167,1.071
20040503,-5.402,2.304,68.221,2.033,186.7010417,1.109
20040504,-1.26,3.646,68.197,2.51,186.30125,1.72
20040505,0.888,3.962,68.038,1.673,187.7164583,3.29
20040506,-0.487,1.203,67.974,1.105,68.4526875,2.872
20040507,2.397,4.161,67.857,1.855,228.2321667,3.719
20040508,6.642,7.031,67.505,1.754,172.7704167,5.794
20040509,6.19,5.916,67.648,2.604,116.9349792,5.269
20040510,2.692,1.092,67.907,1.839,79.85558333,4.875
20040511,0.397,1.819,67.968,1.461,195.5385417,3.751
20040512,0.991,0.66,67.784,1.398,81.56545833,3.994
20040513,2.351,1.799,67.59,1.54,166.8674583,4.849
20040514,0.596,1.894,67.799,2.27,117.1377083,3.56
20040515,-0.666,2.403,68.197,3.776,136.315,2.364
20040516,1.941,4.942,68.285,2.856,179.82,2.474
20040517,2.515,5.021,68.097,3.021,186.7433333,3.512
20040518,5.208,5.645,68.301,2.487,173.5279167,5.542
20040519,5.964,7.031,67.795,2.776,178.8358333,6.989
20040520,5.74,6.931,67.667,2.168,119.0391667,6.733
20040521,6.768,6.79,67.641,2.278,156.5627083,7.154
20040522,6.536,5.696,67.812,2.09,164.7888542,9.135
20040523,6.482,4.772,67.865,1.92,154.8135,8.906
20040524,1.918,0.938,67.963,1.793,52.30027083,6.192
20040525,3.938,3.7,67.928,2.397,197.7659375,5.422
20040526,3.828,1.436,67.722,1.3,82.717625,6.19
20040527,3.816,2.421,68.074,1.888,159.5169167,5.864
20040528,4.756,3.182,68.025,2.152,134.7190208,5.675
20040529,2.963,0.903,68.357,1.027,96.42275,6.068
20040530,3.605,2.1,68.554,2.251,121.0505745,6.916
20040531,4.847,3.689,68.158,1.857,112.9178333,6.278
20040601,8.528,6.945,68.113,2.222,201.116375,7.515
20040602,6.683,4.327,67.921,2.529,119.075875,8.129
20040603,2.345,1.445,68.075,2.099,68.65922917,5.678
20040604,3.493,3.326,68.229,1.281,172.9838958,6.261
20040605,2.137,3.246,68.15,2.414,111.3470833,5.173
20040606,2.796,3.875,68.295,3.121,118.8272917,5.06
20040607,3.791,4.766,68.32,2.143,172.1270208,6.27
20040608,5.305,4.044,68.142,1.737,204.3977708,9.396
20040609,5.738,4.129,68.126,1.718,142.9344375,9.874
20040610,7.823,4.614,68.051,1.625,182.14875,10.813
20040611,7.132,2.339,67.958,1.265,108.7900417,10.055
20040612,6.38,0.958,68.09,0.983,47.54152083,8.568
20040613,7.303,4.032,68.21,2.131,129.5245625,7.81
20040614,6.426,3.681,68.114,1.974,144.296125,8.163
20040615,5.81,4.792,67.959,1.76,140.6260417,7.164
20040616,6.424,6.181,67.876,2.702,205.14625,8.071
20040617,7.366,6.337,67.946,2.748,201.7043333,10.121
20040618,6.97,6.185,67.867,2.462,168.1564583,10.413
20040619,6.02,5.385,67.793,2.107,152.0957447,9.762
20040620,5.001,3.667,67.763,1.75,129.0114583,9.222
20040621,8.683,6.928,67.65,1.936,193.56625,9.978
20040622,8.439,3.995,67.606,1.649,123.0515208,11.168
20040623,7.114,3.042,67.684,1.496,164.5250208,10.06
20040624,9.031,4.993,67.744,1.479,167.2931042,11.115
20040625,9.503,6.567,67.749,1.883,211.5337083,12.694
20040626,9.132,3.476,67.536,1.467,96.34389583,11.799
20040627,11.967,2.925,67.845,1.564,142.9771042,12.98
20040628,11.471,2.101,68,1.028,128.0270833,13.403
20040629,6.792,0.862,68.104,1.728,32.575,10.395
20040630,9.252,4.996,68.14,1.681,221.6504167,11.001
20040701,7.548,2.328,68.177,1.294,92.623625,10.844
20040702,7.992,4.126,68.144,1.663,195.9168125,10.268
20040703,8.839,4.585,67.876,1.768,143.4688333,10.452
20040704,8.439,5.656,68.002,2.566,161.570375,11.017
20040705,8.259,6.387,68.034,1.961,181.2508333,11.038
20040706,9.313,6.136,67.903,1.762,202.878125,12.494
20040707,10.883,4.983,68.079,1.688,106.7639583,13.215
20040708,5.522,0.862,68.157,1.995,35.72164583,9.912
20040709,6.998,4.903,68.049,1.874,238.2323958,9.722
20040710,7.292,6.161,67.984,1.83,197.3102083,10.764
20040711,9.054,6.544,67.991,2.083,196.7735833,12.147
20040712,10.066,5.767,68.174,1.785,180.8131875,13.29
20040713,8.811,5.075,68.16,2.26,159.7129583,13.09
20040714,6.068,2.185,67.959,1.644,127.3206875,11.204
20040715,6.643,2.586,67.859,1.637,189.6663958,9.9
20040716,5.638,0.857,67.833,0.953,65.26627083,9.679
20040717,7.041,2.216,67.824,1.364,127.2833333,9.741
20040718,7.551,4.319,67.764,1.975,146.86875,9.721
20040719,9.474,5.878,67.654,1.593,208.71375,11.579
20040720,11.862,6.407,67.509,1.706,205.4441458,14.091
20040721,12.129,5.279,67.682,1.643,199.949375,15.263
20040722,12.742,3.511,67.965,1.801,121.0777292,14.95
20040723,10.966,1.196,68.131,1.068,80.85653125,13.1
20040724,12.002,1.706,67.967,1.379,124.6469971,14.013
20040725,10.893,2.209,67.924,2.099,65.15264583,13.061
20040726,10.97,4.547,68.096,2.105,186.5731875,12.035
20040727,9.307,2.602,68.137,1.488,176.0385417,13.065
20040728,4.39,0.381,68.143,1.654,42.10097917,9.522
20040729,6.298,2.292,68.228,1.229,205.1959583,11.268
20040730,9.466,5.054,68.104,1.432,221.279125,12.359
20040731,10.444,4.422,67.939,1.505,160.3141667,12.871
20040801,11.074,4.37,67.82,1.498,179.5225,13.619
20040802,11.574,4.405,67.803,1.334,194.5355625,14.194
20040803,11.931,4.345,67.913,1.459,167.5432083,15.262
20040804,11.507,3.2,67.854,1.317,181.5493125,15.941
20040805,13.776,4.699,68.024,2.01,197.6696875,16.463
20040806,8.511,0.414,68.215,1.248,25.80604167,13.028
20040807,10.653,1.986,68.056,1.163,138.3426667,13.499
20040808,12.275,6.015,67.904,1.676,201.4861098,14.169
20040809,8.319,1.258,68.042,1.434,17.67158333,12.407
20040810,8.746,0.382,68.077,1.441,28.4561875,10.901
20040811,8.9,0.604,68.163,1.462,56.01202083,10.807
20040812,11.113,2.15,68.245,1.517,184.9880833,12.724
20040813,10.354,0.778,68.123,1.561,63.89029167,13.171
20040814,7.529,1.098,68.337,1.15,42.4228125,11.127
20040815,8.804,4.503,68.383,1.682,168.7757708,11.487
20040816,7.685,3.612,68.246,1.639,173.124375,11.41
20040817,6.357,2.353,68.113,1.552,132.1747708,10.176
20040818,6.267,1.592,68.033,1.281,72.17780851,9.51
20040819,6.957,1.901,67.936,1.22,99.10385417,10.195
20040820,6.642,3.892,67.94,1.807,191.06025,10.055
20040821,7.449,2.453,67.989,1.516,145.2237609,11.104
20040822,9.152,2.61,68.112,1.316,141.412875,12.07
20040823,8.164,0.62,68.183,0.742,46.1045625,11.502
20040824,8.079,3.329,68.21,2.034,169.3147917,11.124
20040825,6.21,1.685,68.016,1.294,140.5477083,10.739
20040826,7.504,2.617,67.797,1.472,163.2756042,11.856
20040827,6.929,3.022,67.806,1.657,175.0337292,11.935
20040828,6.614,3.192,67.949,1.501,182.2385208,11.608
20040829,7.353,2.481,68.089,1.212,93.18170213,12.168
20040830,7.147,2.15,67.99,1.461,135.7681667,11.539
20040831,7.7,2.802,68.081,1.04,164.9744583,12.248
20040901,7.661,2.028,67.983,1.882,124.7065208,11.848
20040902,9.38,2.144,68.063,1.55,122.8687708,11.165
20040903,8.032,0.483,68.241,0.921,37.83054167,10.911
20040904,7.181,1.207,68.274,1.072,72.86839583,10.28
20040905,6.016,0.653,68.276,0.927,43.17679167,9.524
20040906,7.123,1.578,68.489,1.343,124.7095745,10.611
20040907,4.322,0.853,68.39,1.46,79.78002083,9.56
20040908,3.328,2.606,68.422,1.26,155.3441304,8.903
20040909,4.214,2.739,68.34,1.433,125.7816667,8.401
20040910,2.617,1.525,68.242,1.691,98.68461702,6.727
20040911,1.52,2.292,68.155,1.408,154.4879792,5.874
20040912,0.801,0.793,68.306,1.252,56.2975,4.667
20040913,1.743,3.688,68.35,2.349,137.5733333,4.392
20040914,4.906,5.461,68.179,2.674,124.8872083,5.529
20040915,4.764,4.725,67.915,1.595,134.5258333,6.759
20040916,3.745,2.012,68.126,1.71,86.3143125,7.423
20040917,5.515,2.05,68.403,1.484,126.9314255,8.334
20040918,4.882,1.539,68.288,1.139,85.60660417,8.518
20040919,0.592,0.175,68.452,0.752,33.494875,5.52
20040920,2.346,1.885,68.584,1.213,113.8247708,4.893
20040921,2.9,2.581,68.449,1.474,82.22440426,6.137
20040922,3.788,3.941,68.213,1.271,142.0714583,6.505
20040923,3.405,0.653,68.155,1.223,35.68785417,6.725
20040924,1.74,0.479,68.358,0.889,56.63825,5.063
20040925,2.981,1.679,68.461,0.901,100.2736667,6.25
20040926,5.453,2.393,68.532,1.479,115.9872979,7.878
20040927,3.292,2.363,68.5,1.624,101.8687872,7.922
20040928,2.662,2.964,68,1.398,121.3243542,6.658
20040929,3.741,2.237,68.017,1.598,73.63195833,6.345
20040930,-0.703,1.083,68.678,2.606,76.2924375,5.185
20041001,-2.047,2.372,68.868,1.281,100.2325,4.415
20041002,-2.35,2.914,68.603,1.629,92.31729167,3.684
20041003,-0.389,2.964,68.258,1.38,105.4489583,3.959
20041004,-0.126,1.489,68.2,1.469,30.58858333,3.772
20041005,-0.294,1.828,68.418,1.553,71.75616667,3.931
20041006,-2.724,1.783,68.478,1.6,47.78148936,2.836
20041007,-1.253,3.465,68.279,1.467,103.560625,2.587
20041008,0.789,3.967,67.967,1.715,93.87520833,3.585
20041009,-0.456,1.21,68.269,1.226,22.55370833,2.877
20041010,-3.315,0.567,68.558,1.22,67.77043478,3.392
20041011,-2.549,1.965,68.532,1.315,88.32382979,3.116
20041012,-0.504,2.227,68.229,1.478,91.73270833,3.078
20041013,0.543,1.25,68.27,1.255,32.2870625,3.221
20041014,0.867,0.824,68.34,0.969,62.06491667,3.621
20041015,0.672,0.839,68.328,1.661,28.42847917,3.334
20041016,-0.532,0.621,68.184,1.448,32.93510417,2.88
20041017,-1.088,2.879,68.396,1.406,70.98372917,2.586
20041018,-1.327,3.041,68.254,1.468,71.01020833,2.746
20041019,1.178,2.936,68.115,1.539,75.669375,3.347
20041020,-2.848,0.309,68.308,1.754,65.13279167,1.957
20041021,-1.769,0.981,68.473,1.449,73.31676087,2.597
20041022,0.2,1.854,68.257,1.429,92.04070833,3.348
20041023,-2.908,1.788,68.296,2.124,64.724375,2.788
20041024,-2.623,2.973,68.38,1.972,48.39645833,1.541
20041025,-4.587,1.961,68.776,1.295,55.82148936,1.133
20041026,-4.581,2.094,68.47,1.292,87.437875,0.891
20041027,-2.965,2.657,67.943,1.374,77.362375,0.878
20041028,-1.436,2.335,67.847,1.541,73.303125,0.97
20041029,-0.32,2.054,67.92,2.096,71.27348936,1.65
20041030,-4.565,1.287,67.996,2.252,50.2455,0.927
20041031,-6.374,2.302,68.297,2.128,32.02958333,0.371
20041101,-6.91,2.179,68.158,1.531,39.674375,0.075
20041102,-6.338,2.325,68.017,1.358,39.08489583,-0.122
20041103,-4.994,2.646,67.962,1.691,43.485625,-0.237
20041104,-4.215,2.733,68.196,2.12,37.07791667,-0.367
20041105,-4.507,2.67,68.216,1.722,30.00979167,-0.555
20041106,-3.84,2.932,67.915,1.641,26.13291667,-0.675
20041107,-5.566,2.178,67.938,1.414,13.14589583,-0.687
20041108,-4.454,2.473,67.685,1.472,30.49395833,-0.853
20041109,-5.004,2.308,67.672,1.931,-8.412288889,-0.722
20041110,-6.514,2.25,67.571,2.279,45.76276596,-1.191
20041111,-7.775,2.312,67.87,1.965,19.020625,-1.303
20041112,-7.889,0.914,67.79,1.355,45.71079167,-1.26
20041113,-9.939,0.469,67.955,1.22,25.42914583,-1.474
20041114,-11.598,0.686,68.212,1.131,26.28191111,-1.572
20041115,-13.554,0.866,68.224,1.59,53.27659574,-2.735
20041116,-13.171,1.321,68.098,1.755,55.76097917,-3.545
20041117,-11.924,1.825,68.062,1.618,11.09210417,-3.761
20041118,-9.948,1.859,67.93,1.388,15.77375,-3.399
20041119,-9.508,1.855,68.017,1.608,20.780625,-3.161
20041120,-8.743,2.076,68.091,1.561,20.63125,-3.164
20041121,-5.714,2.116,67.908,1.734,17.2655,-2.461
20041122,-9.052,0.959,68.086,1.738,32.8806875,-1.694
20041123,-12.578,1.302,67.925,1.46,32.15958333,-3.446
20041124,-16.343,0.557,68.171,1.876,54.72560417,-3.933
20041125,-15.405,1.495,68.324,2.847,41.44014583,-5.318
20041126,-15.041,1.274,68.263,1.467,11.33833333,-5.397
20041127,-12.838,1.58,68.156,1.465,9.242833333,-4.974
20041128,-9.7,2.307,68.228,2.136,2.645833333,-4.696
20041129,-10.531,2.208,68.131,1.623,0.080833333,-4.546
20041130,-10.155,2.115,67.927,1.529,6.604583333,-4.408
20041201,-9.563,1.955,67.517,1.509,11.14875,-4.003
20041202,-7.716,1.731,67.906,1.508,15.55416667,-3.569
20041203,-10.776,1.797,68.334,1.851,7.231041667,-3.64
20041204,-11.924,1.888,67.87,1.468,1.179166667,-4.768
20041205,-12.466,1.42,67.845,2.026,-10.635,-4.965
20041206,-12.802,1.623,68.349,2.144,-7.360625,-5.443
20041207,-12.763,1.987,68.26,1.775,-9.315875,-6.037
20041208,-10.911,2.111,67.822,1.874,-12.18170833,-5.776
20041209,-11.741,1.915,67.998,1.784,-4.391020833,-5.477
20041210,-11.533,1.421,67.999,1.433,17.57004167,-5.158
20041211,-11.747,1.592,68.092,1.646,37.273125,-5.225
20041212,-10.916,2.101,68.193,1.487,3.381166667,-5.559
20041213,-8.248,2.167,67.93,1.596,5.633541667,-4.94
20041214,-8.069,2.012,67.833,1.782,-9.4825,-4.543
20041215,-10.474,2.027,67.781,1.519,-0.368958333,-5.008
20041216,-11.193,1.868,67.806,1.664,-4.053541667,-5.391
20041217,-9.802,1.909,67.725,1.769,3.333625,-5.364
20041218,-8.758,2.207,67.466,1.317,43.15041667,-5.105
20041219,-8.368,1.648,67.208,1.337,-12.03285417,-4.284
20041220,-8.736,1.423,66.691,1.206,7.998125,-4.528
20041221,-7.549,1.14,66.812,1.294,34.40116667,-3.795
20041222,-10.977,0.297,67.144,1.19,21.841125,-3.222
20041223,-12.083,0.617,67.249,0.943,10.99728571,-3.365
20041224,-14.647,0.891,67.303,1.27,17.44335417,-4.572
20041225,-12.052,0.956,67.4,1.617,28.82619149,-5.097
20041226,-13.975,0.287,67.459,1.165,28.69533333,-4.128
20041227,-17.086,0.448,67.358,1.494,8.031229167,-4.258
20041228,-16.492,0.87,66.884,1.546,-11.30089583,-4.986
20041229,-15.288,0.936,67.093,2.807,-7.618770833,-5.141
20041230,-23.272,0.648,67.678,2.385,-12.1830625,-6.466
20041231,-19.926,0.846,67.684,1.303,2.383375,-7.045
20050101,-13.408,1.534,67.455,1.901,-4.311208333,-6.466
20050102,-8.949,2.057,67.138,1.788,-0.42125,-5.917
20050103,-7.785,1.584,67.55,1.702,-5.810212766,-4.987
20050104,-10.028,1.353,67.303,1.688,-8.0691875,-5.564
20050105,-8.378,2.197,67.376,1.947,-0.375083333,-5.4
20050106,-9.556,1.726,67.601,1.682,-12.5345625,-5.409
20050107,-12.493,0.638,67.678,1.116,12.6346875,-5.987
20050108,-14.139,0.662,67.588,1.199,9.6372,-5.336
20050109,-16.845,0.991,67.506,1.322,22.80458333,-6.294
20050110,-17.643,0.858,67.41,1.329,11.906875,-6.976
20050111,-17.106,0.768,67.604,1.203,6.4238125,-7.434
20050112,-15.77,0.775,67.48,1.263,16.31583333,-7.26
20050113,-14.762,1.111,67.589,1.858,2.548958333,-7.259
20050114,-15.814,1.13,67.411,1.458,9.722083333,-7.728
20050115,-14.526,1.53,67.349,1.441,4.121583333,-7.919
20050116,-12.898,1.79,67.337,2.031,3.046458333,-7.819
20050117,-14.565,1.427,67.285,1.529,4.933333333,-7.986
20050118,-16.989,1.081,67.269,1.303,11.09229167,-8.457
20050119,-15.678,1.062,67.281,1.339,13.01791667,-8.632
20050120,-13.773,0.782,67.433,1.242,6.342571429,-7.92
20050121,-14.91,0.957,67.233,1.656,42.966875,-8.247
20050122,-12.395,1.623,66.988,1.582,11.43985417,-8.283
20050123,-10.757,0.874,67.066,2.571,40.57552083,-6.884
20050124,-13.967,0.629,66.553,1.575,33.6478125,-7.368
20050125,-10.074,1.781,66.748,1.32,25.634125,-7.085
20050126,-8.933,1.462,66.835,1.351,25.20652083,-6.013
20050127,-10.419,2.102,66.795,1.751,24.49458333,-6.912
20050128,-9.326,2.555,66.658,2.573,3.867978723,-6.961
20050129,-8.816,2.355,66.678,2.321,18.03625,-6.706
20050130,-9.95,2.253,67.171,3.134,35.77045833,-6.52
20050131,-10.851,2.236,67.211,1.824,29.73916667,-7.044
20050201,-8.661,2.704,67.021,2.672,18.41916667,-6.289
20050202,-13.131,1.924,66.696,1.81,20.38710417,-7.314
20050203,-7.804,3.217,66.594,2.932,12.3606383,-6.899
20050204,-7.113,3.229,66.664,1.66,25.84975,-6.4
20050205,-6.758,2.95,66.671,1.564,43.779375,-5.484
20050206,-8.142,1.622,66.889,2.099,29.94983333,-4.987
20050207,-12.017,1.269,67.073,1.296,7.3470625,-5.889
20050208,-9.669,1.919,67.141,1.948,21.38583333,-6.638
20050209,-11.013,0.919,67.589,1.478,44.87604545,-5.284
20050210,-9.91,1.929,67.494,1.812,41.99166667,-5.859
20050211,-9.792,1.758,67.51,1.513,16.47085106,-5.663
20050212,-11.745,1.819,67.411,1.509,44.28289583,-6.416
20050213,-6.897,3.071,66.948,2.339,39.94291667,-5.558
20050214,-7.348,1.852,66.859,2.775,60.134875,-4.621
20050215,-12.546,0.585,66.931,1.301,62.57483333,-4.207
20050216,-13.068,0.491,66.802,1.239,54.43804167,-5.294
20050217,-14.069,0.351,67.103,1.967,34.83066667,-5.04
20050218,-18.555,0.396,67.312,1.768,66.70720833,-5.76
20050219,-18.494,0.703,67.476,1.384,54.74375,-6.198
20050220,-17.174,1.094,67.255,1.642,33.53833333,-6.82
20050221,-13.776,1.706,67.205,1.848,29.51229167,-6.795
20050222,-6.844,3.062,67.034,2.239,38.15914583,-5.904
20050223,-6.139,3.289,66.957,2.704,39.28,-5.803
20050224,-6.123,2.23,67.041,3.428,36.73860417,-5.186
20050225,-7.764,1.456,67.363,1.182,96.28216667,-4.618
20050226,-7.811,1.094,67.473,1.788,65.72604255,-3.246
20050227,-10.116,1.289,67.698,1.422,72.09276596,-4.134
20050228,-10.402,1.781,67.484,1.894,86.605625,-4.94
20050301,-11.295,0.776,67.694,1.855,43.39552083,-4.692
20050302,-13.92,1.088,68.173,2.658,73.82059574,-5.574
20050303,-14.502,1.255,68.31,3.181,69.31833333,-6.873
20050304,-12.335,1.797,68.587,2.644,67.29770833,-6.249
20050305,-12.479,2.077,68.129,1.452,73.78041667,-5.705
20050306,-8.989,2.264,67.95,1.699,93.40309063,-4.861
20050307,-7.151,3.115,67.892,1.167,104.0023188,-4.513
20050308,-3.759,3.459,67.704,1.557,88.3337875,-4.566
20050309,-4.8,3.24,67.542,1.945,92.37745208,-2.47
20050310,-4.562,2.828,67.396,2.178,57.84019271,-1.6
20050311,-5.271,2.08,67.6,1.245,84.0060715,-1.444
20050312,-4.448,2.44,67.804,2.252,85.50959417,-2.001
20050313,-4.337,1.556,67.511,2.296,49.82125854,-2.663
20050314,-2.04,2.349,67.211,2.586,64.68497058,-2.307
20050315,-4.027,0.447,67.279,1.398,50.248365,-1.379
20050316,-5.879,0.429,67.518,1.485,-8.505167105,-1.444
20050317,-6.897,0.738,67.867,1.41,32.02278254,-0.835
20050318,-4.537,0.821,67.558,1.299,62.31827965,-0.81
20050319,-0.8,1.288,67.465,1.491,119.7595565,-0.452
20050320,-1.444,1.034,67.135,1.449,102.8023998,-0.376
20050321,-3.218,1.748,67.43,1.811,101.6496016,-0.409
20050322,-5.102,0.64,67.6,1.415,85.61177125,-0.436
20050323,-5.934,0.998,68.102,2.272,116.5391963,-0.35
20050324,-5.054,1.178,67.819,1.649,131.9326917,-0.303
20050325,-3.644,1.528,67.305,1.445,110.2495013,-0.072
20050326,-2.946,0.779,67.275,1.4,134.1225,0.224
20050327,-2.814,0.75,67.322,1.565,106.1859787,0.162
20050328,-1.854,0.787,67.421,2.491,126.789125,0.315
20050329,-0.989,1.351,67.547,1.748,115.261,0.845
20050330,-1.702,1.648,67.489,1.381,137.5587083,0.484
20050331,-3.458,1.72,67.739,2.364,93.625875,0.566
20050401,-4.167,0.844,68.124,1.084,103.8528958,0.199
20050402,-3.637,1.85,68.325,1.941,176.0056458,0.754
20050403,-2.281,3.023,68.365,1.622,143.046875,1.033
20050404,-1.912,3.171,67.798,1.448,123.6289792,1.243
20050405,1.773,4.974,67.371,2.024,116.8953958,1.422
20050406,3.664,5.282,66.946,1.825,123.4144583,2.274
20050407,2.604,3.435,67.178,2.011,91.69579167,2.103
20050408,-3.188,1.568,67.593,2.362,25.65272917,0.515
20050409,-5.222,1.622,67.615,1.95,129.9746667,0.642
20050410,-5.962,0.544,67.488,1.736,38.51485417,0.085
20050411,-8.389,0.72,67.867,1.354,64.3265625,-0.146
20050412,-7.73,1.766,68.217,1.613,136.366875,0.076
20050413,-4.574,2.525,67.916,2.239,118.5608333,-0.076
20050414,-2.68,2.609,67.882,2.191,159.4865833,0.692
20050415,-1.594,3.595,68.013,2.041,146.3762917,1.3
20050416,-2.369,1.48,68.145,1.515,115.0353542,1.203
20050417,-0.994,2.387,68.113,1.428,160.7507083,2.104
20050418,-0.089,3.125,68.176,2.756,108.3700208,1.146
20050419,-0.241,4.404,68.396,3.445,140.9243958,0.48
20050420,3.123,6.047,68.218,2.213,147.8410417,1.838
20050421,4.436,6.52,67.949,3.192,153.0920833,3.206
20050422,2.764,4.974,68.064,2.586,101.6558333,2.01
20050423,0.585,3.155,68.226,2.127,150.3925625,2.295
20050424,0.688,3.869,68.255,1.981,122.8705625,2.466
20050425,2.076,5.092,68.044,2.126,139.805,2.451
20050426,4.452,5.961,68.024,1.882,152.5789583,3.319
20050427,4.539,5.867,67.7,2.129,148.1174792,3.781
20050428,5.483,5.36,67.562,1.962,112.3979792,3.941
20050429,5.523,5.351,67.409,2.068,104.9924375,3.99
20050430,3.988,2.509,67.833,1.881,103.7575,4.34
20050501,1.964,1.95,67.827,1.639,146.8336042,3.844
20050502,4.223,3.807,67.766,1.523,176.2954375,4.517
20050503,3.98,2.982,67.493,1.947,106.1490417,4.56
20050504,2.173,2.065,67.584,2.655,117.5172292,4.049
20050505,-0.195,4.116,67.843,2.801,179.614375,2.489
20050506,3.574,6.314,67.436,3.166,145.40375,2.746
20050507,5.028,6.912,67.594,2.464,164.52775,3.77
20050508,4.139,5.014,67.557,1.67,151.214375,4.342
20050509,5.298,4.877,67.473,2.106,116.245125,5.073
20050510,4.598,5.634,67.603,1.828,148.9533333,4.428
20050511,5.33,5.614,67.474,2.375,168.7971667,5.221
20050512,4.694,4.482,67.615,1.993,100.5204167,5.297
20050513,5.075,3.841,67.606,1.668,137.8597292,5.188
20050514,4.211,2.319,67.394,1.676,119.1212917,5.364
20050515,6.138,4.046,67.571,2.406,209.894,6.706
20050516,1.283,1.832,67.796,1.718,125.012125,4.629
20050517,-0.066,0.791,67.996,1.72,72.21079167,3.114
20050518,0.937,0.668,67.941,1.513,116.3674375,3.747
20050519,2.979,2.943,67.952,2.341,200.3797917,5.088
20050520,1.711,2.261,67.96,1.269,125.7826667,4.756
20050521,2.551,3.057,67.866,2.24,184.395766,4.865
20050522,1.149,0.696,67.893,1.282,71.1649375,2.844
20050523,2.28,2.192,67.926,1.168,163.5360417,3.244
20050524,3.193,3.775,67.854,1.902,178.7421042,4.375
20050525,3.351,2.763,67.936,1.627,138.1532292,4.914
20050526,4.627,2.914,67.879,1.732,173.5894583,5.894
20050527,5.466,3.369,67.801,1.775,144.8762083,5.685
20050528,7.568,3.883,67.788,2.849,165.1990625,7.211
20050529,5.589,3.966,68.164,1.817,152.8152083,6.335
20050530,7.365,3.796,67.991,1.559,152.9109375,7.413
20050531,8.278,5.872,67.905,2.467,191.5315,8.897
20050601,6.966,5.868,67.847,2.027,178.4495833,8.564
20050602,7.209,4.551,67.635,2.132,127.28,9.237
20050603,7.518,4.632,67.674,2.118,152.0274792,8.758
20050604,3.962,0.838,67.937,1.449,68.11035417,7.799
20050605,7.11,4.817,68.132,1.62,210.4616875,8.861
20050606,5.228,4.531,67.902,2.203,130.1828542,7.972
20050607,7.229,5.849,67.72,2.051,179.4746458,8.085
20050608,4.352,1.731,67.805,1.395,116.1902083,8.302
20050609,6.464,4.573,67.883,1.994,211.5552917,8.468
20050610,6.016,1.941,67.779,1.175,161.7515833,9.377
20050611,5.53,2.658,67.653,1.783,163.2128333,8.391
20050612,7.195,3.61,67.679,1.737,161.3031875,8.886
20050613,6.779,2.884,67.948,1.468,132.225625,9.261
20050614,8.196,3.211,68.053,1.326,160.5418542,9.49
20050615,7.213,1.958,68.079,1.293,87.59429167,9.202
20050616,7.334,3.678,68.117,1.525,191.698875,8.711
20050617,6.123,2.233,68.107,1.512,93.38202083,9.168
20050618,6.569,3.424,67.981,1.358,185.270375,8.466
20050619,8.599,4.579,67.931,1.521,114.188125,9.666
20050620,7.317,2.851,68.028,1.535,76.5796875,8.931
20050621,8.368,2.874,68.054,1.728,187.9379348,11.242
20050622,9.552,4.456,68.039,1.958,200.2117917,11.833
20050623,8.214,1.656,68.016,1.349,125.2074792,11.279
20050624,8.06,3.632,68.025,2.151,146.0825625,9.571
20050625,7.708,4.536,67.838,2.62,208.6884167,9.935
20050626,7.988,4.933,67.645,2.082,177.8519375,9.887
20050627,7.051,2.708,67.632,1.299,148.2344792,10.871
20050628,7.999,4.397,67.67,2.007,213.9728958,10.431
20050629,9.652,4.487,67.689,1.755,184.4589583,11.069
20050630,9.921,2.068,67.762,1.308,92.56841667,12.105
20050701,6.035,0.497,67.808,1.848,46.25541667,10.029
20050702,8.851,3.114,67.888,1.918,175.5172708,10.408
20050703,9.568,2.322,67.89,1.294,139.8725208,12.61
20050704,7.276,0.835,67.847,0.999,34.55216667,10.667
20050705,9.709,2.515,67.8,1.144,184.6706458,11.751
20050706,12.615,3.186,67.786,0.95,160.9118125,13.88
20050707,10.126,0.944,67.923,0.682,37.406125,12.67
20050708,10.285,2.25,68.074,0.938,113.9412708,12.28
20050709,5.933,0.644,68.116,1.26,51.87020833,10.3
20050710,7.57,3.745,68.267,1.672,208.2870208,10.337
20050711,8.342,4.689,68.379,1.447,219.5920208,12.089
20050712,9.808,5.157,68.186,1.676,200.8526042,12.918
20050713,10.78,4.759,68.036,1.686,164.4414583,13.156
20050714,11.602,5.493,68.118,1.96,203.8098125,13.723
20050715,10.501,4.993,68.078,1.754,178.69875,13.298
20050716,11.616,6.205,67.76,1.55,225.8746875,14.188
20050717,13.282,6.275,67.783,1.684,178.6826875,15.471
20050718,13.151,3.88,68.143,2.423,180.3376667,16.279
20050719,6.858,0.789,68.331,1.923,53.16977083,12.621
20050720,3.794,0.758,68.31,0.928,84.4329375,9.648
20050721,7.533,5.253,68.15,1.592,223.50725,10.105
20050722,9.052,3.161,68.225,1.478,107.6581458,11.854
20050723,10.209,3.251,68.201,1.459,182.3446458,13.396
20050724,11.508,4.825,68.066,1.473,221.3912708,14.384
20050725,13.12,6.498,67.946,2.528,191.6947708,14.909
20050726,10.118,1.195,67.948,1.118,52.33327083,13.143
20050727,11.829,2.691,67.981,1.271,154.6322174,14.147
20050728,12.125,2.428,67.94,0.982,140.5975745,15.37
20050729,10.796,1.477,67.988,1.008,112.3644167,14.571
20050730,10.497,1.635,67.965,1.007,100.8471875,13.799
20050731,10.785,3.247,68.028,1.422,203.6395625,14.135
20050801,10.831,1.965,67.976,1.34,107.4558125,14.511
20050802,10.849,5.658,68.029,2.477,168.815,13.566
20050803,10.118,6.051,67.965,1.785,195.1260417,12.778
20050804,8.457,2.8,67.912,1.347,134.9186875,12.46
20050805,7.212,0.632,67.928,0.906,68.23733333,11.202
20050806,10.647,3.547,67.742,1.161,149.1157292,12.473
20050807,12.382,4.814,67.61,1.344,199.2485417,14.723
20050808,13.072,4.362,67.707,1.565,199.3188542,15.832
20050809,13.399,3.962,67.815,0.982,180.1731042,16.486
20050810,11.747,2.188,67.723,1.18,63.91808333,14.947
20050811,11.264,3.084,67.846,1.628,143.5893958,14.287
20050812,11.884,4.073,67.93,1.2,204.1082083,15.481
20050813,13.397,5.561,67.991,1.757,202.9539792,15.903
20050814,9.92,1.72,68.277,1.48,17.768,14.05
20050815,7.13,0.405,68.461,0.868,72.4690625,11.693
20050816,7.869,1.579,68.342,1.389,140.5782917,11.998
20050817,9.238,3.278,68.109,1.222,184.7016042,12.547
20050818,9.208,2.475,67.965,1.079,104.4706875,13.136
20050819,8.576,1.819,67.923,1.13,85.002125,12.377
20050820,8.168,3.812,67.99,2.096,114.8296667,11.344
20050821,5.97,1.037,67.988,1.573,66.85833333,10.242
20050822,7.792,3.354,68.055,2.101,178.4506383,10.617
20050823,7.331,3.386,68.219,1.51,211.9612083,11.716
20050824,6.961,2.83,68.229,1.477,170.791375,11.513
20050825,6.888,2.235,68.131,1.452,146.6745833,11.585
20050826,6.299,1.829,68.012,1.342,159.2114583,11.787
20050827,8.309,2.009,67.857,1.107,75.38810417,12.174
20050828,9.022,3.277,67.949,1.851,129.4873125,11.653
20050829,9.222,4.032,68.198,1.419,181.0290625,12.163
20050830,9.48,1.653,68.176,1.175,97.593125,12.878
20050831,9.552,3.268,68.282,1.708,192.5302708,13.062
20050901,8.201,1.134,68.623,1.08,75.6259375,12.453
20050902,8.586,2.818,68.74,1.535,137.9516667,11.971
20050903,5.603,0.853,68.475,0.999,56.3340625,10.029
20050904,6.63,1.919,68.359,1.141,120.5014583,10.302
20050905,4.544,1.744,68.362,1.323,90.95139583,9.782
20050906,3.867,2.48,68.427,1.766,125.6864468,7.742
20050907,4.511,3.588,68.57,1.906,114.4845833,7.556
20050908,5.684,4.652,68.445,1.452,144.87625,8.486
20050909,7.793,5.254,68.256,1.481,126.7497917,10.064
20050910,8.767,4.89,68.17,1.586,129.83,11.032
20050911,6.584,1.701,68.308,1.667,9.8611875,10.016
20050912,3.592,0.992,68.455,1.616,100.2156875,7.479
20050913,7.042,2.391,68.461,1.572,140.3143125,9.947
20050914,7.31,1.682,68.322,0.96,71.91433333,10.27
20050915,6.421,1.917,68.274,1.808,130.281375,10.073
20050916,5.214,2.358,68.367,1.441,146.9694583,9.35
20050917,6.485,3.802,68.248,1.342,133.8766042,9.982
20050918,6.557,4.395,68.287,1.268,78.18491667,8.914
20050919,6.299,1.906,68.249,1.712,88.15997917,8.754
20050920,6.025,3.068,68.324,2.919,136.6415833,8.863
20050921,5.313,3.335,68.383,1.63,102.4786957,8.656
20050922,4.486,2.464,68.272,1.256,139.3489583,8.583
20050923,6.116,3.482,68.337,1.644,125.4777083,8.335
20050924,4.215,0.906,68.257,1.377,81.61854167,8.783
20050925,4.576,2.31,68.109,1.01,150.0285,8.248
20050926,5.648,1.776,68.153,0.973,106.2794375,9.601
20050927,5.956,0.868,68.187,0.855,34.1586875,8.864
20050928,5.945,0.381,68.106,1.448,31.04472917,8.168
20050929,3.883,0.748,68.203,1.116,63.7500625,7.448
20050930,2.895,0.724,68.306,0.779,72.31477083,6.596
20051001,1.785,0.176,68.557,1.298,36.49854167,6.213
20051002,0.171,0.467,68.547,0.637,62.5165,4.444
20051003,2.223,1.101,68.325,1.217,106.4221667,5.809
20051004,1.379,1.614,68.167,0.992,96.56089583,6.227
20051005,1.366,1.645,68.153,1.691,67.44183333,5.028
20051006,0.727,2.132,68.634,1.484,102.47125,5.013
20051007,-0.81,1.945,68.648,1.325,53.48085106,4.337
20051008,-0.209,2.452,68.543,1.517,111.935,3.964
20051009,1.306,3.63,68.355,1.445,123.1964131,4.621
20051010,0.019,1.855,68.091,1.368,42.87145813,3.806
20051011,2.273,2.923,68.251,1.525,102.1277606,4.244
20051012,0.733,0.988,68.292,1.29,41.09238146,4.086
20051013,-0.637,1.989,68.469,0.941,110.7955133,3.88
20051014,-1.795,1.624,68.403,1.241,82.42844115,4.197
20051015,-1.816,2.284,68.321,1.06,102.666545,3.322
20051016,-0.614,3.272,68.181,1.133,99.20936042,3.044
20051017,0.471,2.476,68.328,1.223,92.11536708,3.781
20051018,1.243,2.08,68.207,1.351,60.96120877,4.763
20051019,-0.938,0.512,68.375,1.205,29.96234472,3.826
20051020,-3.433,0.894,68.67,1.302,62.97491521,2.412
20051021,-2.418,1.199,68.566,1.485,66.73626958,2.526
20051022,-3.267,2.061,68.556,1.738,86.51087954,1.704
20051023,-2.977,3.085,68.429,1.361,77.47945417,0.721
20051024,-3.727,3.291,68.069,1.28,81.8223275,0.411
20051025,-2.863,3.094,67.88,1.051,73.40492083,0.351
20051026,-4.311,1.218,68.051,1.079,38.75313229,0.381
20051027,-4.429,1.553,68.289,0.942,76.32784788,0.337
20051028,-4.999,1.395,68.457,1.834,60.86469879,0.437
20051029,-6.395,2.1,68.201,2.279,68.66917083,0.206
20051030,-5.125,2.448,68.208,1.039,75.98886042,-0.108
20051031,-2.999,2.205,67.931,1.107,58.93849917,-0.165
20051101,-4.061,2.505,67.729,1.277,59.27035935,-0.142
20051102,-4.652,2.411,67.898,1.037,41.89333761,-0.189
20051103,-2.792,3.064,68.021,1.501,66.31090625,-0.214
20051104,-3.25,2.612,67.732,1.207,36.12052979,-0.27
20051105,-4.467,2.558,68.05,1.734,46.15467208,-0.342
20051106,-4.105,2.952,67.865,2.409,34.01534413,-0.608
20051107,-4.789,3.321,67.835,1.684,54.05353771,-0.897
20051108,-4.344,3.128,67.874,1.376,41.22145042,-0.833
20051109,-5.381,2.876,67.91,1.225,44.45642063,-0.904
20051110,-6.343,1.965,67.708,1.489,50.1607875,-0.905
20051111,-4.133,2.747,67.592,1.302,47.88779167,-0.969
20051112,-4.238,2.488,67.789,1.148,63.8381071,-0.788
20051113,-6.185,0.785,68.11,0.978,45.89734435,-0.43
20051114,-5.628,0.864,68.068,0.868,48.22907067,-0.528
20051115,-7.455,0.897,67.812,1.324,57.6128611,-0.399
20051116,-8.45,1.099,67.899,0.893,52.64369813,-0.689
20051117,-8.908,0.693,68.02,1.618,33.16661063,-0.889
20051118,-11.164,0.48,68.187,1.196,36.77649675,-0.956
20051119,-12.706,1.002,67.89,1.398,42.4281125,-1.503
20051120,-11.559,1.059,68.02,1.039,55.3490975,-1.955
20051121,-11.414,0.914,68.139,1.253,-0.04584375,-2.167
20051122,-14.203,0.835,68.012,1.539,-0.088895833,-2.163
20051123,-16.631,1.108,67.943,1.268,-0.040520833,-3.873
20051124,-14.314,1.4,67.826,1.545,10.98895833,-4.05
20051125,-10.792,1.764,67.784,1.844,9.217625,-4.031
20051126,-10.308,1.717,67.617,1.398,12.92104167,-3.693
20051127,-10.313,1.606,67.794,1.71,2.040208333,-3.293
20051128,-13.713,1.271,68.099,1.801,6.633229167,-4.132
20051129,-14.928,1.38,67.668,1.611,4.637916667,-4.841
20051130,-14.222,1.533,67.316,1.55,2.293541667,-5.114
20051201,-14.237,1.3,67.31,1.837,20.43270833,-5.104
20051202,-10.439,2.364,67.388,2.32,-6.417479167,-5.14
20051203,-13.464,1.467,67.775,4.411,-7.716291667,-5.507
20051204,-14.063,1.626,67.421,1.906,-9.010729167,-6.023
20051205,-13.466,1.551,67.591,1.453,2.061020833,-5.881
20051206,-11.994,1.671,67.697,1.81,6.214833333,-5.379
20051207,-11.667,1.614,67.752,2.078,-20.049,-5.327
20051208,-12.905,1.557,67.575,1.544,5.79125,-5.56
20051209,-12.153,1.547,67.469,1.693,10.66447917,-5.527
20051210,-13.914,0.701,67.729,1.218,17.06914583,-4.994
20051211,-14.24,0.632,67.671,1.039,21.30521429,-4.978
20051212,-9.907,1.895,67.709,2.661,-5.908510638,-5.343
20051213,-13.272,1.391,67.672,3.383,-16.66522917,-6.265
20051214,-17.019,1.227,67.898,2.074,-7.515833333,-7.586
20051215,-14.314,1.776,67.853,1.543,-1.04625,-7.367
20051216,-14.704,1.571,68.148,2.019,1.7794375,-7.144
20051217,-15.5,1.344,68.15,1.422,5.4295625,-7.212
20051218,-13.731,1.635,67.711,1.886,-1.569791667,-7.179
20051219,-15.155,1.417,67.541,1.852,2.0436875,-7.431
20051220,-17.088,0.969,68.036,4.165,-4.550604167,-7.991
20051221,-15.951,1.537,68.4,2.261,-12.92729167,-8.504
20051222,-16.417,1.594,67.775,1.505,2.70625,-8.765
20051223,-13.905,1.748,67.656,1.471,4.441875,-7.941
20051224,-12.661,1.597,67.637,1.443,11.99375,-7.553
20051225,-12.933,1.483,67.695,1.5,21.0605625,-7.043
20051226,-13.562,1.756,67.72,2.412,-2.3744375,-7.771
20051227,-12.944,1.988,67.631,1.526,4.252854167,-7.851
20051228,-10.955,2.283,67.53,1.424,4.201041667,-7.542
20051229,-11.748,1.87,67.417,1.428,8.453541667,-7.255
20051230,-8.442,1.591,67.559,1.471,14.7202766,-5.932
20051231,-11.554,1.181,67.652,1.572,24.5356383,-6.306
